Query	Taxid	Tax name	Authority	Rank	Basionym	Basionym authority	Curator common name	Has type material	Group name	Domain/Realm name	Domain/Realm taxid	Kingdom name	Kingdom taxid	Phylum name	Phylum taxid	Class name	Class taxid	Order name	Order taxid	Family name	Family taxid	Genus name	Genus taxid	Species name	Species taxid	Scientific name is formal
1007676	1007676	Companilactobacillus ginsenosidimutans	Zheng et al. 2020	SPECIES				yes	firmicutes	Bacteria	2	Bacillati	1783272	Bacillota	1239	Bacilli	91061	Lactobacillales	186826	Lactobacillaceae	33958	Companilactobacillus	2767879	Companilactobacillus ginsenosidimutans	1007676	TRUE
1042399	1042399	Lactobacillus delbrueckii subsp. bulgaricus CNCM I-1632		STRAIN				no	firmicutes	Bacteria	2	Bacillati	1783272	Bacillota	1239	Bacilli	91061	Lactobacillales	186826	Lactobacillaceae	33958	Lactobacillus	1578	Lactobacillus delbrueckii	1584	FALSE
104955	104955	Limosilactobacillus frumenti	(Müller et al. 2000) Zheng et al. 2020	SPECIES	Lactobacillus frumenti	Muller et al. 2000		yes	firmicutes	Bacteria	2	Bacillati	1783272	Bacillota	1239	Bacilli	91061	Lactobacillales	186826	Lactobacillaceae	33958	Limosilactobacillus	2742598	Limosilactobacillus frumenti	104955	TRUE
1054041	1054041	Levilactobacillus yonginensis	(Yi et al. 2013) Zheng et al. 2020	SPECIES	Lactobacillus yonginensis	Yi et al. 2013		yes	firmicutes	Bacteria	2	Bacillati	1783272	Bacillota	1239	Bacilli	91061	Lactobacillales	186826	Lactobacillaceae	33958	Levilactobacillus	2767886	Levilactobacillus yonginensis	1054041	TRUE
105612	105612	Dellaglioa algida	(Kato et al. 2000) Zheng et al. 2020	SPECIES	Lactobacillus algidus	Kato et al. 2000		yes	firmicutes	Bacteria	2	Bacillati	1783272	Bacillota	1239	Bacilli	91061	Lactobacillales	186826	Lactobacillaceae	33958	Dellaglioa	2767880	Dellaglioa algida	105612	TRUE
1074467	1074467	Companilactobacillus heilongjiangensis	(Gu et al. 2013) Zheng et al. 2020	SPECIES	Lactobacillus heilongjiangensis	Gu et al. 2013		yes	firmicutes	Bacteria	2	Bacillati	1783272	Bacillota	1239	Bacilli	91061	Lactobacillales	186826	Lactobacillaceae	33958	Companilactobacillus	2767879	Companilactobacillus heilongjiangensis	1074467	TRUE
109790	109790	Lactobacillus jensenii	Gasser et al. 1970	SPECIES				yes	firmicutes	Bacteria	2	Bacillati	1783272	Bacillota	1239	Bacilli	91061	Lactobacillales	186826	Lactobacillaceae	33958	Lactobacillus	1578	Lactobacillus jensenii	109790	TRUE
1122151	1122151	Companilactobacillus paralimentarius DSM 13238 = JCM 10415		STRAIN				no	firmicutes	Bacteria	2	Bacillati	1783272	Bacillota	1239	Bacilli	91061	Lactobacillales	186826	Lactobacillaceae	33958	Companilactobacillus	2767879	Companilactobacillus paralimentarius	83526	FALSE
116089	116089	Lactobacillus psittaci	Lawson et al. 2001	SPECIES				yes	firmicutes	Bacteria	2	Bacillati	1783272	Bacillota	1239	Bacilli	91061	Lactobacillales	186826	Lactobacillaceae	33958	Lactobacillus	1578	Lactobacillus psittaci	116089	TRUE
1202668	1202668	Secundilactobacillus oryzae	(Tohno et al. 2013) Zheng et al. 2020	SPECIES	Lactobacillus oryzae	Tohno et al. 2013		yes	firmicutes	Bacteria	2	Bacillati	1783272	Bacillota	1239	Bacilli	91061	Lactobacillales	186826	Lactobacillaceae	33958	Secundilactobacillus	2767892	Secundilactobacillus oryzae	1202668	TRUE
1203033	1203033	Lactobacillus hominis	Cousin et al. 2013	SPECIES				yes	firmicutes	Bacteria	2	Bacillati	1783272	Bacillota	1239	Bacilli	91061	Lactobacillales	186826	Lactobacillaceae	33958	Lactobacillus	1578	Lactobacillus hominis	1203033	TRUE
1203069	1203069	Lactobacillus gigeriorum	Cousin et al. 2012	SPECIES				yes	firmicutes	Bacteria	2	Bacillati	1783272	Bacillota	1239	Bacilli	91061	Lactobacillales	186826	Lactobacillaceae	33958	Lactobacillus	1578	Lactobacillus gigeriorum	1203069	TRUE
1218493	1218493	Lactobacillus kullabergensis	Olofsson et al. 2014	SPECIES				yes	firmicutes	Bacteria	2	Bacillati	1783272	Bacillota	1239	Bacilli	91061	Lactobacillales	186826	Lactobacillaceae	33958	Lactobacillus	1578	Lactobacillus kullabergensis	1218493	TRUE
1218494	1218494	Lactobacillus helsingborgensis	Olofsson et al. 2014	SPECIES				yes	firmicutes	Bacteria	2	Bacillati	1783272	Bacillota	1239	Bacilli	91061	Lactobacillales	186826	Lactobacillaceae	33958	Lactobacillus	1578	Lactobacillus helsingborgensis	1218494	TRUE
1218507	1218507	Lactobacillus melliventris	Olofsson et al. 2014	SPECIES				yes	firmicutes	Bacteria	2	Bacillati	1783272	Bacillota	1239	Bacilli	91061	Lactobacillales	186826	Lactobacillaceae	33958	Lactobacillus	1578	Lactobacillus melliventris	1218507	TRUE
1227275	1227275	Streptococcus sobrinus W1703		STRAIN				no	firmicutes	Bacteria	2	Bacillati	1783272	Bacillota	1239	Bacilli	91061	Lactobacillales	186826	Streptococcaceae	1300	Streptococcus	1301	Streptococcus sobrinus	1310	FALSE
1239	1239	Bacillota	Gibbons and Murray 2021	PHYLUM			firmicutes	no	firmicutes	Bacteria	2	Bacillati	1783272	Bacillota	1239											FALSE
1247	1247	Oenococcus oeni	(Garvie 1967) Dicks et al. 1995	SPECIES	Leuconostoc oeni	corrig. Garvie 1967 (Approved Lists 1980)		yes	firmicutes	Bacteria	2	Bacillati	1783272	Bacillota	1239	Bacilli	91061	Lactobacillales	186826	Lactobacillaceae	33958	Oenococcus	46254	Oenococcus oeni	1247	TRUE
1253	1253	Pediococcus	Claussen 1903	GENUS				no	firmicutes	Bacteria	2	Bacillati	1783272	Bacillota	1239	Bacilli	91061	Lactobacillales	186826	Lactobacillaceae	33958	Pediococcus	1253			TRUE
1255	1255	Pediococcus pentosaceus	Mees 1934	SPECIES				yes	firmicutes	Bacteria	2	Bacillati	1783272	Bacillota	1239	Bacilli	91061	Lactobacillales	186826	Lactobacillaceae	33958	Pediococcus	1253	Pediococcus pentosaceus	1255	TRUE
1265	1265	Ruminococcus flavefaciens	Sijpesteijn 1948	SPECIES				yes	firmicutes	Bacteria	2	Bacillati	1783272	Bacillota	1239	Clostridia	186801	Eubacteriales	186802	Oscillospiraceae	216572	Ruminococcus	1263	Ruminococcus flavefaciens	1265	TRUE
1302272	1302272	Secundilactobacillus kimchicus JCM 15530		STRAIN				no	firmicutes	Bacteria	2	Bacillati	1783272	Bacillota	1239	Bacilli	91061	Lactobacillales	186826	Lactobacillaceae	33958	Secundilactobacillus	2767892	Secundilactobacillus kimchicus	528209	FALSE
1309	1309	Streptococcus mutans	Clarke 1924	SPECIES				yes	firmicutes	Bacteria	2	Bacillati	1783272	Bacillota	1239	Bacilli	91061	Lactobacillales	186826	Streptococcaceae	1300	Streptococcus	1301	Streptococcus mutans	1309	TRUE
1310	1310	Streptococcus sobrinus	(ex Coykendall 1974) Coykendall 1983	SPECIES				yes	firmicutes	Bacteria	2	Bacillati	1783272	Bacillota	1239	Bacilli	91061	Lactobacillales	186826	Streptococcaceae	1300	Streptococcus	1301	Streptococcus sobrinus	1310	TRUE
1352	1352	Enterococcus faecium	(Orla-Jensen 1919) Schleifer and Kilpper-Balz 1984	SPECIES	Streptococcus faecium	Orla-Jensen 1919 (Approved Lists 1980)		yes	firmicutes	Bacteria	2	Bacillati	1783272	Bacillota	1239	Bacilli	91061	Lactobacillales	186826	Enterococcaceae	81852	Enterococcus	1350	Enterococcus faecium	1352	TRUE
137357	137357	Ligilactobacillus equi	(Morotomi et al. 2002) Zheng et al. 2020	SPECIES	Lactobacillus equi	Morotomi et al. 2002		yes	firmicutes	Bacteria	2	Bacillati	1783272	Bacillota	1239	Bacilli	91061	Lactobacillales	186826	Lactobacillaceae	33958	Ligilactobacillus	2767887	Ligilactobacillus equi	137357	TRUE
1392007	1392007	Ligilactobacillus equi DPC 6820		STRAIN				no	firmicutes	Bacteria	2	Bacillati	1783272	Bacillota	1239	Bacilli	91061	Lactobacillales	186826	Lactobacillaceae	33958	Ligilactobacillus	2767887	Ligilactobacillus equi	137357	FALSE
1392502	1392502	Selenomonas sp. AB3002		SPECIES				no	firmicutes	Bacteria	2	Bacillati	1783272	Bacillota	1239	Negativicutes	909932	Selenomonadales	909929	Selenomonadaceae	1843491	Selenomonas	970	Selenomonas sp. AB3002	1392502	FALSE
1408313	1408313	Selenomonas sp. FC4001		SPECIES				no	firmicutes	Bacteria	2	Bacillati	1783272	Bacillota	1239	Negativicutes	909932	Selenomonadales	909929	Selenomonadaceae	1843491	Selenomonas	970	Selenomonas sp. FC4001	1408313	FALSE
1423736	1423736	Lactobacillus crispatus DSM 20584 = JCM 1185 = ATCC 33820		STRAIN				no	firmicutes	Bacteria	2	Bacillati	1783272	Bacillota	1239	Bacilli	91061	Lactobacillales	186826	Lactobacillaceae	33958	Lactobacillus	1578	Lactobacillus crispatus	47770	FALSE
1423739	1423739	Lentilactobacillus diolivorans DSM 14421		STRAIN				no	firmicutes	Bacteria	2	Bacillati	1783272	Bacillota	1239	Bacilli	91061	Lactobacillales	186826	Lactobacillaceae	33958	Lentilactobacillus	2767893	Lentilactobacillus diolivorans	179838	FALSE
1423748	1423748	Lactobacillus gallinarum DSM 10532 = JCM 2011		STRAIN				no	firmicutes	Bacteria	2	Bacillati	1783272	Bacillota	1239	Bacilli	91061	Lactobacillales	186826	Lactobacillaceae	33958	Lactobacillus	1578	Lactobacillus gallinarum	52242	FALSE
1423755	1423755	Ligilactobacillus hayakitensis DSM 18933 = JCM 14209		STRAIN				no	firmicutes	Bacteria	2	Bacillati	1783272	Bacillota	1239	Bacilli	91061	Lactobacillales	186826	Lactobacillaceae	33958	Ligilactobacillus	2767887	Ligilactobacillus hayakitensis	396716	FALSE
1423758	1423758	Lactobacillus hominis DSM 23910 = CRBIP 24.179		STRAIN				no	firmicutes	Bacteria	2	Bacillati	1783272	Bacillota	1239	Bacilli	91061	Lactobacillales	186826	Lactobacillaceae	33958	Lactobacillus	1578	Lactobacillus hominis	1203033	FALSE
1423763	1423763	Lactobacillus kalixensis DSM 16043		STRAIN				no	firmicutes	Bacteria	2	Bacillati	1783272	Bacillota	1239	Bacilli	91061	Lactobacillales	186826	Lactobacillaceae	33958	Lactobacillus	1578	Lactobacillus kalixensis	227944	FALSE
1423788	1423788	Companilactobacillus bobalius DSM 19674		STRAIN				no	firmicutes	Bacteria	2	Bacillati	1783272	Bacillota	1239	Bacilli	91061	Lactobacillales	186826	Lactobacillaceae	33958	Companilactobacillus	2767879	Companilactobacillus bobalius	2801451	FALSE
1423805	1423805	Levilactobacillus spicheri DSM 15429		STRAIN				no	firmicutes	Bacteria	2	Bacillati	1783272	Bacillota	1239	Bacilli	91061	Lactobacillales	186826	Lactobacillaceae	33958	Levilactobacillus	2767886	Levilactobacillus spicheri	216463	FALSE
142586	142586	Eubacterium sp.		SPECIES				no	firmicutes	Bacteria	2	Bacillati	1783272	Bacillota	1239	Clostridia	186801	Eubacteriales	186802	Eubacteriaceae	186806	Eubacterium	1730	Eubacterium sp.	142586	FALSE
1462575	1462575	Companilactobacillus furfuricola	(Irisawa et al. 2014) Zheng et al. 2020	SPECIES	Lactobacillus furfuricola	Irisawa et al. 2014		yes	firmicutes	Bacteria	2	Bacillati	1783272	Bacillota	1239	Bacilli	91061	Lactobacillales	186826	Lactobacillaceae	33958	Companilactobacillus	2767879	Companilactobacillus furfuricola	1462575	TRUE
147802	147802	Lactobacillus iners	Falsen et al. 1999	SPECIES				yes	firmicutes	Bacteria	2	Bacillati	1783272	Bacillota	1239	Bacilli	91061	Lactobacillales	186826	Lactobacillaceae	33958	Lactobacillus	1578	Lactobacillus iners	147802	TRUE
1484053	1484053	Mariniphaga anaerophila	Iino et al. 2014	SPECIES				yes	CFB group bacteria	Bacteria	2	Pseudomonadati	3379134	Bacteroidota	976	Bacteroidia	200643	Marinilabiliales	1970189	Prolixibacteraceae	1471398	Mariniphaga	1573806	Mariniphaga anaerophila	1484053	TRUE
148604	148604	Limosilactobacillus ingluviei	(Baele et al. 2003) Zheng et al. 2020	SPECIES	Lactobacillus ingluviei	Baele et al. 2003		yes	firmicutes	Bacteria	2	Bacillati	1783272	Bacillota	1239	Bacilli	91061	Lactobacillales	186826	Lactobacillaceae	33958	Limosilactobacillus	2742598	Limosilactobacillus ingluviei	148604	TRUE
151781	151781	Lactobacillus intestinalis	(ex Hemme 1974) Fujisawa et al. 1990	SPECIES				yes	firmicutes	Bacteria	2	Bacillati	1783272	Bacillota	1239	Bacilli	91061	Lactobacillales	186826	Lactobacillaceae	33958	Lactobacillus	1578	Lactobacillus intestinalis	151781	TRUE
152331	152331	Lentilactobacillus parabuchneri	(Farrow et al. 1989) Zheng et al. 2020	SPECIES	Lactobacillus parabuchneri	Farrow et al. 1989		yes	firmicutes	Bacteria	2	Bacillati	1783272	Bacillota	1239	Bacilli	91061	Lactobacillales	186826	Lactobacillaceae	33958	Lentilactobacillus	2767893	Lentilactobacillus parabuchneri	152331	TRUE
153152	153152	uncultured Lactobacillus sp.		SPECIES				no	firmicutes	Bacteria	2	Bacillati	1783272	Bacillota	1239	Bacilli	91061	Lactobacillales	186826	Lactobacillaceae	33958	Lactobacillus	1578	uncultured Lactobacillus sp.	153152	FALSE
1545701	1545701	Lactobacillus sp. wkB10		SPECIES				no	firmicutes	Bacteria	2	Bacillati	1783272	Bacillota	1239	Bacilli	91061	Lactobacillales	186826	Lactobacillaceae	33958	Lactobacillus	1578	Lactobacillus sp. wkB10	1545701	FALSE
1578	1578	Lactobacillus	Beijerinck 1901 (Approved Lists 1980)	GENUS				no	firmicutes	Bacteria	2	Bacillati	1783272	Bacillota	1239	Bacilli	91061	Lactobacillales	186826	Lactobacillaceae	33958	Lactobacillus	1578			TRUE
1579	1579	Lactobacillus acidophilus	Johnson et al. 1980	SPECIES				yes	firmicutes	Bacteria	2	Bacillati	1783272	Bacillota	1239	Bacilli	91061	Lactobacillales	186826	Lactobacillaceae	33958	Lactobacillus	1578	Lactobacillus acidophilus	1579	TRUE
1580	1580	Levilactobacillus brevis	(Orla-Jensen 1919) Zheng et al. 2020	SPECIES	Lactobacillus brevis	(Orla-Jensen 1919) Bergey et al. 1934		yes	firmicutes	Bacteria	2	Bacillati	1783272	Bacillota	1239	Bacilli	91061	Lactobacillales	186826	Lactobacillaceae	33958	Levilactobacillus	2767886	Levilactobacillus brevis	1580	TRUE
1581136	1581136	Lactobacillus sp. HMSC08B12		SPECIES				no	firmicutes	Bacteria	2	Bacillati	1783272	Bacillota	1239	Bacilli	91061	Lactobacillales	186826	Lactobacillaceae	33958	Lactobacillus	1578	Lactobacillus sp. HMSC08B12	1581136	FALSE
1584	1584	Lactobacillus delbrueckii	Beijerinck 1901	SPECIES	"Bacillus Delbrucki"	(sic) Leichmann 1896		yes	firmicutes	Bacteria	2	Bacillati	1783272	Bacillota	1239	Bacilli	91061	Lactobacillales	186826	Lactobacillaceae	33958	Lactobacillus	1578	Lactobacillus delbrueckii	1584	TRUE
1585	1585	Lactobacillus delbrueckii subsp. bulgaricus	(Orla-Jensen 1919) Weiss et al. 1984	SUBSPECIES				yes	firmicutes	Bacteria	2	Bacillati	1783272	Bacillota	1239	Bacilli	91061	Lactobacillales	186826	Lactobacillaceae	33958	Lactobacillus	1578	Lactobacillus delbrueckii	1584	TRUE
1587	1587	Lactobacillus helveticus	(Orla-Jensen 1919) Bergey et al. 1925	SPECIES	"Thermobacterium helveticum"	Orla-Jensen 1919		yes	firmicutes	Bacteria	2	Bacillati	1783272	Bacillota	1239	Bacilli	91061	Lactobacillales	186826	Lactobacillaceae	33958	Lactobacillus	1578	Lactobacillus helveticus	1587	TRUE
1591	1591	Lactobacillus sp.		SPECIES				no	firmicutes	Bacteria	2	Bacillati	1783272	Bacillota	1239	Bacilli	91061	Lactobacillales	186826	Lactobacillaceae	33958	Lactobacillus	1578	Lactobacillus sp.	1591	FALSE
1596	1596	Lactobacillus gasseri	Lauer and Kandler 1980	SPECIES				yes	firmicutes	Bacteria	2	Bacillati	1783272	Bacillota	1239	Bacilli	91061	Lactobacillales	186826	Lactobacillaceae	33958	Lactobacillus	1578	Lactobacillus gasseri	1596	TRUE
1598	1598	Limosilactobacillus reuteri	(Kandler et al. 1982) Zheng et al. 2020	SPECIES	Lactobacillus reuteri	Kandler et al. 1982		yes	firmicutes	Bacteria	2	Bacillati	1783272	Bacillota	1239	Bacilli	91061	Lactobacillales	186826	Lactobacillaceae	33958	Limosilactobacillus	2742598	Limosilactobacillus reuteri	1598	TRUE
1600	1600	Lactobacillus acetotolerans	Entani et al. 1986	SPECIES				yes	firmicutes	Bacteria	2	Bacillati	1783272	Bacillota	1239	Bacilli	91061	Lactobacillales	186826	Lactobacillaceae	33958	Lactobacillus	1578	Lactobacillus acetotolerans	1600	TRUE
1601	1601	Ligilactobacillus agilis	(Weiss et al. 1982) Zheng et al. 2020	SPECIES	Lactobacillus agilis	Weiss et al. 1982		yes	firmicutes	Bacteria	2	Bacillati	1783272	Bacillota	1239	Bacilli	91061	Lactobacillales	186826	Lactobacillaceae	33958	Ligilactobacillus	2767887	Ligilactobacillus agilis	1601	TRUE
1602	1602	Companilactobacillus alimentarius	(Reuter 1983) Zheng et al. 2020	SPECIES	Lactobacillus alimentarius	(ex Reuter 1970) Reuter 1983		yes	firmicutes	Bacteria	2	Bacillati	1783272	Bacillota	1239	Bacilli	91061	Lactobacillales	186826	Lactobacillaceae	33958	Companilactobacillus	2767879	Companilactobacillus alimentarius	1602	TRUE
1604	1604	Lactobacillus amylovorus		SPECIES				yes	firmicutes	Bacteria	2	Bacillati	1783272	Bacillota	1239	Bacilli	91061	Lactobacillales	186826	Lactobacillaceae	33958	Lactobacillus	1578	Lactobacillus amylovorus	1604	TRUE
1605	1605	Ligilactobacillus animalis	(Dent and Williams 1983) Zheng et al. 2020	SPECIES	Lactobacillus animalis	Dent and Williams 1983		yes	firmicutes	Bacteria	2	Bacillati	1783272	Bacillota	1239	Bacilli	91061	Lactobacillales	186826	Lactobacillaceae	33958	Ligilactobacillus	2767887	Ligilactobacillus animalis	1605	TRUE
1612	1612	Companilactobacillus farciminis	(Reuter 1983) Zheng et al. 2020	SPECIES	Lactobacillus farciminis	(ex Reuter 1970) Reuter 1983		yes	firmicutes	Bacteria	2	Bacillati	1783272	Bacillota	1239	Bacilli	91061	Lactobacillales	186826	Lactobacillaceae	33958	Companilactobacillus	2767879	Companilactobacillus farciminis	1612	TRUE
1613	1613	Limosilactobacillus fermentum	(Beijerinck 1901) Zheng et al. 2020	SPECIES	Lactobacillus fermentum	Beijerinck 1901 (Approved Lists 1980) emend. Dellaglio et al. 2004		yes	firmicutes	Bacteria	2	Bacillati	1783272	Bacillota	1239	Bacilli	91061	Lactobacillales	186826	Lactobacillaceae	33958	Limosilactobacillus	2742598	Limosilactobacillus fermentum	1613	TRUE
1617889	1617889	Companilactobacillus formosensis	(Chang et al. 2015) Zheng et al. 2020	SPECIES	Lactobacillus formosensis	Chang et al. 2015		yes	firmicutes	Bacteria	2	Bacillati	1783272	Bacillota	1239	Bacilli	91061	Lactobacillales	186826	Lactobacillaceae	33958	Companilactobacillus	2767879	Companilactobacillus formosensis	1617889	TRUE
1622	1622	Ligilactobacillus murinus	(Hemme et al. 1982) Zheng et al. 2020	SPECIES	Lactobacillus murinus	Hemme et al. 1982		yes	firmicutes	Bacteria	2	Bacillati	1783272	Bacillota	1239	Bacilli	91061	Lactobacillales	186826	Lactobacillaceae	33958	Ligilactobacillus	2767887	Ligilactobacillus murinus	1622	TRUE
1624	1624	Ligilactobacillus salivarius	(Rogosa et al. 1953) Zheng et al. 2020	SPECIES	Lactobacillus salivarius	Rogosa et al. 1953 (Approved Lists 1980)		yes	firmicutes	Bacteria	2	Bacillati	1783272	Bacillota	1239	Bacilli	91061	Lactobacillales	186826	Lactobacillaceae	33958	Ligilactobacillus	2767887	Ligilactobacillus salivarius	1624	TRUE
1632	1632	Limosilactobacillus oris	(Farrow and Collins 1988) Zheng et al. 2020	SPECIES	Lactobacillus oris	Farrow and Collins 1988		yes	firmicutes	Bacteria	2	Bacillati	1783272	Bacillota	1239	Bacilli	91061	Lactobacillales	186826	Lactobacillaceae	33958	Limosilactobacillus	2742598	Limosilactobacillus oris	1632	TRUE
1633	1633	Limosilactobacillus vaginalis	(Embley et al. 1989) Zheng et al. 2020	SPECIES	Lactobacillus vaginalis	Embley et al. 1989		yes	firmicutes	Bacteria	2	Bacillati	1783272	Bacillota	1239	Bacilli	91061	Lactobacillales	186826	Lactobacillaceae	33958	Limosilactobacillus	2742598	Limosilactobacillus vaginalis	1633	TRUE
166	166	Treponema sp.		SPECIES				no	spirochetes	Bacteria	2	Pseudomonadati	3379134	Spirochaetota	203691	Spirochaetia	203692	Spirochaetales	136	Treponemataceae	2845253	Treponema	157	Treponema sp.	166	FALSE
167481	167481	Companilactobacillus mindensis	(Ehrmann et al. 2003) Zheng et al. 2020	SPECIES	Lactobacillus mindensis	Ehrmann et al. 2003		yes	firmicutes	Bacteria	2	Bacillati	1783272	Bacillota	1239	Bacilli	91061	Lactobacillales	186826	Lactobacillaceae	33958	Companilactobacillus	2767879	Companilactobacillus mindensis	167481	TRUE
169435	169435	Anaerotruncus colihominis	Lawson et al. 2004	SPECIES				yes	firmicutes	Bacteria	2	Bacillati	1783272	Bacillota	1239	Clostridia	186801	Eubacteriales	186802	Oscillospiraceae	216572	Anaerotruncus	244127	Anaerotruncus colihominis	169435	TRUE
1704076	1704076	Levilactobacillus cerevisiae	(Koob et al. 2017) Zheng et al. 2020	SPECIES	Lactobacillus cerevisiae	Koob et al. 2017		yes	firmicutes	Bacteria	2	Bacillati	1783272	Bacillota	1239	Bacilli	91061	Lactobacillales	186826	Lactobacillaceae	33958	Levilactobacillus	2767886	Levilactobacillus cerevisiae	1704076	TRUE
1732567	1732567	Companilactobacillus insicii	(Ehrmann et al. 2016) Zheng et al. 2020	SPECIES	Lactobacillus insicii	Ehrmann et al. 2016		yes	firmicutes	Bacteria	2	Bacillati	1783272	Bacillota	1239	Bacilli	91061	Lactobacillales	186826	Lactobacillaceae	33958	Companilactobacillus	2767879	Companilactobacillus insicii	1732567	TRUE
176292	176292	Secundilactobacillus malefermentans	(Farrow et al. 1989) Zheng et al. 2020	SPECIES	Lactobacillus malefermentans (ex Russell and Walker 1953)	Farrow et al. 1989		yes	firmicutes	Bacteria	2	Bacillati	1783272	Bacillota	1239	Bacilli	91061	Lactobacillales	186826	Lactobacillaceae	33958	Secundilactobacillus	2767892	Secundilactobacillus malefermentans	176292	TRUE
1769424	1769424	Limosilactobacillus caviae	(Killer et al. 2017) Zheng et al. 2020	SPECIES	Lactobacillus caviae	Killer et al. 2017		yes	firmicutes	Bacteria	2	Bacillati	1783272	Bacillota	1239	Bacilli	91061	Lactobacillales	186826	Lactobacillaceae	33958	Limosilactobacillus	2742598	Limosilactobacillus caviae	1769424	TRUE
177400	177400	Anaerophaga thermohalophila	Denger et al. 2002	SPECIES				yes	CFB group bacteria	Bacteria	2	Pseudomonadati	3379134	Bacteroidota	976	Bacteroidia	200643	Marinilabiliales	1970189	Marinilabiliaceae	558415	Anaerophaga	177399	Anaerophaga thermohalophila	177400	TRUE
179838	179838	Lentilactobacillus diolivorans	(Lei et al. 2013) Zheng et al. 2020	SPECIES	Lactobacillus diolivorans	Krooneman et al. 2002		yes	firmicutes	Bacteria	2	Bacillati	1783272	Bacillota	1239	Bacilli	91061	Lactobacillales	186826	Lactobacillaceae	33958	Lentilactobacillus	2767893	Lentilactobacillus diolivorans	179838	TRUE
181675	181675	Limosilactobacillus coleohominis	(Nikolaitchouk et al. 2001) Zheng et al. 2020	SPECIES	Lactobacillus coleohominis	Nikolaitchouk et al. 2001		yes	firmicutes	Bacteria	2	Bacillati	1783272	Bacillota	1239	Bacilli	91061	Lactobacillales	186826	Lactobacillaceae	33958	Limosilactobacillus	2742598	Limosilactobacillus coleohominis	181675	TRUE
1819254	1819254	Lactobacillus colini	Zhang et al. 2017	SPECIES				yes	firmicutes	Bacteria	2	Bacillati	1783272	Bacillota	1239	Bacilli	91061	Lactobacillales	186826	Lactobacillaceae	33958	Lactobacillus	1578	Lactobacillus colini	1819254	TRUE
1847728	1847728	Companilactobacillus allii	(Jung et al. 2017) Zheng et al. 2020	SPECIES	Lactobacillus allii	Jung et al. 2017		yes	firmicutes	Bacteria	2	Bacillati	1783272	Bacillota	1239	Bacilli	91061	Lactobacillales	186826	Lactobacillaceae	33958	Companilactobacillus	2767879	Companilactobacillus allii	1847728	TRUE
186801	186801	Clostridia	Rainey 2010	CLASS				no	firmicutes	Bacteria	2	Bacillati	1783272	Bacillota	1239	Clostridia	186801									TRUE
186803	186803	Lachnospiraceae	Rainey 2010	FAMILY				no	firmicutes	Bacteria	2	Bacillati	1783272	Bacillota	1239	Clostridia	186801	Lachnospirales	3085636	Lachnospiraceae	186803					TRUE
1869227	1869227	bacterium		SPECIES				no	bacteria	Bacteria	2													bacterium	1869227	FALSE
1872090	1872090	Acetatifactor sp.		SPECIES				no	firmicutes	Bacteria	2	Bacillati	1783272	Bacillota	1239	Clostridia	186801	Lachnospirales	3085636	Lachnospiraceae	186803	Acetatifactor	1427378	Acetatifactor sp.	1872090	FALSE
1879010	1879010	Bacillota bacterium		SPECIES				no	firmicutes	Bacteria	2	Bacillati	1783272	Bacillota	1239									Bacillota bacterium	1879010	FALSE
1898104	1898104	Bacteroidota bacterium		SPECIES				no	CFB group bacteria	Bacteria	2	Pseudomonadati	3379134	Bacteroidota	976									Bacteroidota bacterium	1898104	FALSE
1898203	1898203	Lachnospiraceae bacterium		SPECIES				no	firmicutes	Bacteria	2	Bacillati	1783272	Bacillota	1239	Clostridia	186801	Lachnospirales	3085636	Lachnospiraceae	186803			Lachnospiraceae bacterium	1898203	FALSE
1898207	1898207	Clostridiales bacterium		SPECIES				no	firmicutes	Bacteria	2	Bacillati	1783272	Bacillota	1239	Clostridia	186801	Eubacteriales	186802					Clostridiales bacterium	1898207	FALSE
1903258	1903258	Companilactobacillus musae	(Chen et al. 2017) Zheng et al. 2020	SPECIES	Lactobacillus musae	Chen et al. 2017		yes	firmicutes	Bacteria	2	Bacillati	1783272	Bacillota	1239	Bacilli	91061	Lactobacillales	186826	Lactobacillaceae	33958	Companilactobacillus	2767879	Companilactobacillus musae	1903258	TRUE
1907779	1907779	Pediococcus sp.		SPECIES				no	firmicutes	Bacteria	2	Bacillati	1783272	Bacillota	1239	Bacilli	91061	Lactobacillales	186826	Lactobacillaceae	33958	Pediococcus	1253	Pediococcus sp.	1907779	FALSE
1926284	1926284	Limosilactobacillus caccae	Lo et al. 2023	SPECIES				yes	firmicutes	Bacteria	2	Bacillati	1783272	Bacillota	1239	Bacilli	91061	Lactobacillales	186826	Lactobacillaceae	33958	Limosilactobacillus	2742598	Limosilactobacillus caccae	1926284	TRUE
1930076	1930076	Leuconostoc sp.		SPECIES				no	firmicutes	Bacteria	2	Bacillati	1783272	Bacillota	1239	Bacilli	91061	Lactobacillales	186826	Lactobacillaceae	33958	Leuconostoc	1243	Leuconostoc sp.	1930076	FALSE
194326	194326	Companilactobacillus versmoldensis	(Kröckel et al. 2003) Zheng et al. 2020	SPECIES	Lactobacillus versmoldensis	Kröckel et al. 2003		yes	firmicutes	Bacteria	2	Bacillati	1783272	Bacillota	1239	Bacilli	91061	Lactobacillales	186826	Lactobacillaceae	33958	Companilactobacillus	2767879	Companilactobacillus versmoldensis	194326	TRUE
1955243	1955243	Blautia sp.		SPECIES				no	firmicutes	Bacteria	2	Bacillati	1783272	Bacillota	1239	Clostridia	186801	Lachnospirales	3085636	Lachnospiraceae	186803	Blautia	572511	Blautia sp.	1955243	FALSE
1970790	1970790	[Lactobacillus] timonensis	Afouda et al. 2017	SPECIES				yes	firmicutes	Bacteria	2	Bacillati	1783272	Bacillota	1239	Bacilli	91061	Lactobacillales	186826	Lactobacillaceae	33958	Limosilactobacillus	2742598	[Lactobacillus] timonensis	1970790	FALSE
1993540	1993540	Companilactobacillus nuruki	(Heo et al. 2018) Zheng et al. 2020	SPECIES	Lactobacillus nuruki	Heo et al. 2018		yes	firmicutes	Bacteria	2	Bacillati	1783272	Bacillota	1239	Bacilli	91061	Lactobacillales	186826	Lactobacillaceae	33958	Companilactobacillus	2767879	Companilactobacillus nuruki	1993540	TRUE
2005359	2005359	Faecalicatena	Sakamoto et al. 2017	GENUS				no	firmicutes	Bacteria	2	Bacillati	1783272	Bacillota	1239	Clostridia	186801	Lachnospirales	3085636	Lachnospiraceae	186803	Faecalicatena	2005359			TRUE
2012477	2012477	Lactobacillus porci	Kim et al. 2018	SPECIES				yes	firmicutes	Bacteria	2	Bacillati	1783272	Bacillota	1239	Bacilli	91061	Lactobacillales	186826	Lactobacillaceae	33958	Lactobacillus	1578	Lactobacillus porci	2012477	TRUE
2030927	2030927	Bacteroidales bacterium		SPECIES				no	CFB group bacteria	Bacteria	2	Pseudomonadati	3379134	Bacteroidota	976	Bacteroidia	200643	Bacteroidales	171549					Bacteroidales bacterium	2030927	FALSE
2040332	2040332	Dorea sp.		SPECIES				no	firmicutes	Bacteria	2	Bacillati	1783272	Bacillota	1239	Clostridia	186801	Lachnospirales	3085636	Lachnospiraceae	186803	Dorea	189330	Dorea sp.	2040332	FALSE
2042043	2042043	Lactobacillus sp. UMNPBX4		SPECIES				no	firmicutes	Bacteria	2	Bacillati	1783272	Bacillota	1239	Bacilli	91061	Lactobacillales	186826	Lactobacillaceae	33958	Lactobacillus	1578	Lactobacillus sp. UMNPBX4	2042043	FALSE
2044939	2044939	Clostridia bacterium		SPECIES				no	firmicutes	Bacteria	2	Bacillati	1783272	Bacillota	1239	Clostridia	186801							Clostridia bacterium	2044939	FALSE
2047426	2047426	Schwartzia sp. (in: firmicutes)		SPECIES				no	firmicutes	Bacteria	2	Bacillati	1783272	Bacillota	1239	Negativicutes	909932	Selenomonadales	909929	Selenomonadaceae	1843491	Schwartzia	55506	Schwartzia sp. (in: firmicutes)	2047426	FALSE
2048138	2048138	Agathobaculum sp.		SPECIES				no	firmicutes	Bacteria	2	Bacillati	1783272	Bacillota	1239	Clostridia	186801	Eubacteriales	186802	Butyricicoccaceae	3085642	Agathobaculum	2048137	Agathobaculum sp.	2048138	FALSE
2049039	2049039	Phascolarctobacterium sp.		SPECIES				no	firmicutes	Bacteria	2	Bacillati	1783272	Bacillota	1239	Negativicutes	909932	Acidaminococcales	1843488	Acidaminococcaceae	909930	Phascolarctobacterium	33024	Phascolarctobacterium sp.	2049039	FALSE
2049040	2049040	Roseburia sp.		SPECIES				no	firmicutes	Bacteria	2	Bacillati	1783272	Bacillota	1239	Clostridia	186801	Lachnospirales	3085636	Lachnospiraceae	186803	Roseburia	841	Roseburia sp.	2049040	FALSE
2049044	2049044	Erysipelotrichaceae bacterium		SPECIES				no	firmicutes	Bacteria	2	Bacillati	1783272	Bacillota	1239	Erysipelotrichia	526524	Erysipelotrichales	526525	Erysipelotrichaceae	128827			Erysipelotrichaceae bacterium	2049044	FALSE
2049431	2049431	Tissierellia bacterium		SPECIES				no	firmicutes	Bacteria	2	Bacillati	1783272	Bacillota	1239	Tissierellia	1737404							Tissierellia bacterium	2049431	FALSE
2052179	2052179	Peptococcaceae bacterium		SPECIES				no	firmicutes	Bacteria	2	Bacillati	1783272	Bacillota	1239	Clostridia	186801	Eubacteriales	186802	Peptococcaceae	186807			Peptococcaceae bacterium	2052179	FALSE
2053611	2053611	Selenomonas sp.		SPECIES				no	firmicutes	Bacteria	2	Bacillati	1783272	Bacillota	1239	Negativicutes	909932	Selenomonadales	909929	Selenomonadaceae	1843491	Selenomonas	970	Selenomonas sp.	2053611	FALSE
2053624	2053624	Synergistaceae bacterium		SPECIES				no	bacteria	Bacteria	2	Thermotogati	3384194	Synergistota	508458	Synergistia	649775	Synergistales	649776	Synergistaceae	649777			Synergistaceae bacterium	2053624	FALSE
2069348	2069348	Lactobacillus sp. ESL0261		SPECIES				no	firmicutes	Bacteria	2	Bacillati	1783272	Bacillota	1239	Bacilli	91061	Lactobacillales	186826	Lactobacillaceae	33958	Lactobacillus	1578	Lactobacillus sp. ESL0261	2069348	FALSE
2069354	2069354	Lactobacillus sp. ESL0233		SPECIES				no	firmicutes	Bacteria	2	Bacillati	1783272	Bacillota	1239	Bacilli	91061	Lactobacillales	186826	Lactobacillaceae	33958	Lactobacillus	1578	Lactobacillus sp. ESL0233	2069354	FALSE
2069355	2069355	Lactobacillus sp. ESL0234		SPECIES				no	firmicutes	Bacteria	2	Bacillati	1783272	Bacillota	1239	Bacilli	91061	Lactobacillales	186826	Lactobacillaceae	33958	Lactobacillus	1578	Lactobacillus sp. ESL0234	2069355	FALSE
2107999	2107999	Lactobacillus paragasseri	Tanizawa et al. 2018	SPECIES				yes	firmicutes	Bacteria	2	Bacillati	1783272	Bacillota	1239	Bacilli	91061	Lactobacillales	186826	Lactobacillaceae	33958	Lactobacillus	1578	Lactobacillus paragasseri	2107999	TRUE
216463	216463	Levilactobacillus spicheri	(Meroth et al. 2004) Zheng et al. 2020	SPECIES	Lactobacillus spicheri	Meroth et al. 2004		yes	firmicutes	Bacteria	2	Bacillati	1783272	Bacillota	1239	Bacilli	91061	Lactobacillales	186826	Lactobacillaceae	33958	Levilactobacillus	2767886	Levilactobacillus spicheri	216463	TRUE
2185275	2185275	Lawsonibacter sp.		SPECIES				no	firmicutes	Bacteria	2	Bacillati	1783272	Bacillota	1239	Clostridia	186801	Eubacteriales	186802	Oscillospiraceae	216572	Lawsonibacter	2172004	Lawsonibacter sp.	2185275	FALSE
2201249	2201249	Lactobacillus corticis	Tohno et al. 2021	SPECIES				yes	firmicutes	Bacteria	2	Bacillati	1783272	Bacillota	1239	Bacilli	91061	Lactobacillales	186826	Lactobacillaceae	33958	Lactobacillus	1578	Lactobacillus corticis	2201249	TRUE
2212467	2212467	Bacteroidaceae bacterium		SPECIES				no	CFB group bacteria	Bacteria	2	Pseudomonadati	3379134	Bacteroidota	976	Bacteroidia	200643	Bacteroidales	171549	Bacteroidaceae	815			Bacteroidaceae bacterium	2212467	FALSE
2268022	2268022	Limosilactobacillus walteri	Soha et al. 2023	SPECIES				yes	firmicutes	Bacteria	2	Bacillati	1783272	Bacillota	1239	Bacilli	91061	Lactobacillales	186826	Lactobacillaceae	33958	Limosilactobacillus	2742598	Limosilactobacillus walteri	2268022	FALSE
227943	227943	Limosilactobacillus antri	(Roos et al. 2005) Zheng et al. 2020	SPECIES	Lactobacillus antri	Roos et al. 2005		yes	firmicutes	Bacteria	2	Bacillati	1783272	Bacillota	1239	Bacilli	91061	Lactobacillales	186826	Lactobacillaceae	33958	Limosilactobacillus	2742598	Limosilactobacillus antri	227943	TRUE
227944	227944	Lactobacillus kalixensis	Roos et al. 2005	SPECIES				yes	firmicutes	Bacteria	2	Bacillati	1783272	Bacillota	1239	Bacilli	91061	Lactobacillales	186826	Lactobacillaceae	33958	Lactobacillus	1578	Lactobacillus kalixensis	227944	TRUE
227945	227945	Lactobacillus ultunensis	Roos et al. 2005	SPECIES				yes	firmicutes	Bacteria	2	Bacillati	1783272	Bacillota	1239	Bacilli	91061	Lactobacillales	186826	Lactobacillaceae	33958	Lactobacillus	1578	Lactobacillus ultunensis	227945	TRUE
228229	228229	Ligilactobacillus saerimneri	(Sharpe et al. 1973) Zheng et al. 2020	SPECIES	Lactobacillus saerimneri	Pedersen and Roos 2004		yes	firmicutes	Bacteria	2	Bacillati	1783272	Bacillota	1239	Bacilli	91061	Lactobacillales	186826	Lactobacillaceae	33958	Ligilactobacillus	2767887	Ligilactobacillus saerimneri	228229	TRUE
2291323	2291323	Lactobacillaceae bacterium		SPECIES				no	firmicutes	Bacteria	2	Bacillati	1783272	Bacillota	1239	Bacilli	91061	Lactobacillales	186826	Lactobacillaceae	33958			Lactobacillaceae bacterium	2291323	FALSE
2292255	2292255	Levilactobacillus suantsaii	(Liou et al. 2019) Zheng et al. 2020	SPECIES	Lactobacillus suantsaii	Liou et al. 2019		yes	firmicutes	Bacteria	2	Bacillati	1783272	Bacillota	1239	Bacilli	91061	Lactobacillales	186826	Lactobacillaceae	33958	Levilactobacillus	2767886	Levilactobacillus suantsaii	2292255	TRUE
2293129	2293129	Roseburia sp. AF20-18LB		SPECIES				no	firmicutes	Bacteria	2	Bacillati	1783272	Bacillota	1239	Clostridia	186801	Lachnospirales	3085636	Lachnospiraceae	186803	Roseburia	841	Roseburia sp. AF20-18LB	2293129	FALSE
2304606	2304606	Companilactobacillus zhachilii	(Zhang et al. 2019) Zheng et al. 2020	SPECIES	Lactobacillus zhachilii	Zhang et al. 2019		yes	firmicutes	Bacteria	2	Bacillati	1783272	Bacillota	1239	Bacilli	91061	Lactobacillales	186826	Lactobacillaceae	33958	Companilactobacillus	2767879	Companilactobacillus zhachilii	2304606	TRUE
233055	233055	Desulfitobacterium dichloroeliminans	De Wildeman et al. 2003	SPECIES				no	firmicutes	Bacteria	2	Bacillati	1783272	Bacillota	1239	Clostridia	186801	Eubacteriales	186802	Desulfitobacteriaceae	2937909	Desulfitobacterium	36853	Desulfitobacterium dichloroeliminans	233055	FALSE
237446	237446	Lactobacillus kitasatonis	Mukai et al. 2003	SPECIES				yes	firmicutes	Bacteria	2	Bacillati	1783272	Bacillota	1239	Bacilli	91061	Lactobacillales	186826	Lactobacillaceae	33958	Lactobacillus	1578	Lactobacillus kitasatonis	237446	TRUE
238012	238012	Companilactobacillus tucceti	(Chenoll et al. 2009) Zheng et al. 2020	SPECIES	Lactobacillus tucceti	Chenoll et al. 2009		yes	firmicutes	Bacteria	2	Bacillati	1783272	Bacillota	1239	Bacilli	91061	Lactobacillales	186826	Lactobacillaceae	33958	Companilactobacillus	2767879	Companilactobacillus tucceti	238012	TRUE
2485925	2485925	Oscillospiraceae bacterium		SPECIES				no	firmicutes	Bacteria	2	Bacillati	1783272	Bacillota	1239	Clostridia	186801	Eubacteriales	186802	Oscillospiraceae	216572			Oscillospiraceae bacterium	2485925	FALSE
2486003	2486003	Companilactobacillus keshanensis	(Wei and Gu 2019) Zheng et al. 2020	SPECIES	Lactobacillus keshanensis	Wei and Gu 2019		yes	firmicutes	Bacteria	2	Bacillati	1783272	Bacillota	1239	Bacilli	91061	Lactobacillales	186826	Lactobacillaceae	33958	Companilactobacillus	2767879	Companilactobacillus keshanensis	2486003	TRUE
2486004	2486004	Companilactobacillus kedongensis	(Wei and Gu 2019) Zheng et al. 2020	SPECIES	Lactobacillus kedongensis	Wei and Gu 2019		yes	firmicutes	Bacteria	2	Bacillati	1783272	Bacillota	1239	Bacilli	91061	Lactobacillales	186826	Lactobacillaceae	33958	Companilactobacillus	2767879	Companilactobacillus kedongensis	2486004	TRUE
2486005	2486005	Companilactobacillus baiquanensis	(Wei and Gu 2019) Zheng et al. 2020	SPECIES	Lactobacillus baiquanensis	Wei and Gu 2019		yes	firmicutes	Bacteria	2	Bacillati	1783272	Bacillota	1239	Bacilli	91061	Lactobacillales	186826	Lactobacillaceae	33958	Companilactobacillus	2767879	Companilactobacillus baiquanensis	2486005	TRUE
2486006	2486006	Companilactobacillus jidongensis	(Wei and Gu 2019) Zheng et al. 2020	SPECIES	Lactobacillus jidongensis	Wei and Gu 2019		yes	firmicutes	Bacteria	2	Bacillati	1783272	Bacillota	1239	Bacilli	91061	Lactobacillales	186826	Lactobacillaceae	33958	Companilactobacillus	2767879	Companilactobacillus jidongensis	2486006	TRUE
2486007	2486007	Companilactobacillus hulinensis	(Wei and Gu 2019) Zheng et al. 2020	SPECIES	Lactobacillus hulinensis	Wei and Gu 2019		yes	firmicutes	Bacteria	2	Bacillati	1783272	Bacillota	1239	Bacilli	91061	Lactobacillales	186826	Lactobacillaceae	33958	Companilactobacillus	2767879	Companilactobacillus hulinensis	2486007	TRUE
2486008	2486008	Companilactobacillus mishanensis	(Wei and Gu 2019) Zheng et al. 2020	SPECIES	Lactobacillus mishanensis	Wei and Gu 2019		yes	firmicutes	Bacteria	2	Bacillati	1783272	Bacillota	1239	Bacilli	91061	Lactobacillales	186826	Lactobacillaceae	33958	Companilactobacillus	2767879	Companilactobacillus mishanensis	2486008	TRUE
2486009	2486009	Companilactobacillus zhongbaensis	(Wei and Gu 2019) Zheng et al. 2020	SPECIES	Lactobacillus zhongbaensis	Wei and Gu 2019		yes	firmicutes	Bacteria	2	Bacillati	1783272	Bacillota	1239	Bacilli	91061	Lactobacillales	186826	Lactobacillaceae	33958	Companilactobacillus	2767879	Companilactobacillus zhongbaensis	2486009	TRUE
2486025	2486025	Levilactobacillus mulengensis	(Long and Gu 2019) Zheng et al. 2020	SPECIES	Lactobacillus mulengensis	Long and Gu 2019		yes	firmicutes	Bacteria	2	Bacillati	1783272	Bacillota	1239	Bacilli	91061	Lactobacillales	186826	Lactobacillaceae	33958	Levilactobacillus	2767886	Levilactobacillus mulengensis	2486025	TRUE
2487723	2487723	Companilactobacillus suantsaicola	Zheng et al. 2020	SPECIES				yes	firmicutes	Bacteria	2	Bacillati	1783272	Bacillota	1239	Bacilli	91061	Lactobacillales	186826	Lactobacillaceae	33958	Companilactobacillus	2767879	Companilactobacillus suantsaicola	2487723	TRUE
2494733	2494733	Fulvivirga marina	Zhao et al. 2022	SPECIES				yes	CFB group bacteria	Bacteria	2	Pseudomonadati	3379134	Bacteroidota	976	Cytophagia	768503	Cytophagales	768507	Fulvivirgaceae	2762286	Fulvivirga	396811	Fulvivirga marina	2494733	TRUE
2495899	2495899	Lactobacillus xujianguonis	Meng et al. 2020	SPECIES				yes	firmicutes	Bacteria	2	Bacillati	1783272	Bacillota	1239	Bacilli	91061	Lactobacillales	186826	Lactobacillaceae	33958	Lactobacillus	1578	Lactobacillus xujianguonis	2495899	TRUE
2499140	2499140	Negativicutes bacterium		SPECIES				no	firmicutes	Bacteria	2	Bacillati	1783272	Bacillota	1239	Negativicutes	909932							Negativicutes bacterium	2499140	FALSE
2508708	2508708	Lactobacillus mulieris	Rocha et al. 2020	SPECIES				yes	firmicutes	Bacteria	2	Bacillati	1783272	Bacillota	1239	Bacilli	91061	Lactobacillales	186826	Lactobacillaceae	33958	Lactobacillus	1578	Lactobacillus mulieris	2508708	TRUE
2559914	2559914	Companilactobacillus huachuanensis	(Fu and Gu 2019) Zheng et al. 2020	SPECIES	Lactobacillus huachuanensis	Fu and Gu 2019		yes	firmicutes	Bacteria	2	Bacillati	1783272	Bacillota	1239	Bacilli	91061	Lactobacillales	186826	Lactobacillaceae	33958	Companilactobacillus	2767879	Companilactobacillus huachuanensis	2559914	TRUE
2584183	2584183	Companilactobacillus halodurans	Zheng et al. 2020	SPECIES				yes	firmicutes	Bacteria	2	Bacillati	1783272	Bacillota	1239	Bacilli	91061	Lactobacillales	186826	Lactobacillaceae	33958	Companilactobacillus	2767879	Companilactobacillus halodurans	2584183	TRUE
2594495	2594495	Lactobacillus sp. PV034		SPECIES				no	firmicutes	Bacteria	2	Bacillati	1783272	Bacillota	1239	Bacilli	91061	Lactobacillales	186826	Lactobacillaceae	33958	Lactobacillus	1578	Lactobacillus sp. PV034	2594495	FALSE
2596827	2596827	Lactobacillus sp. LL6		SPECIES				no	firmicutes	Bacteria	2	Bacillati	1783272	Bacillota	1239	Bacilli	91061	Lactobacillales	186826	Lactobacillaceae	33958	Lactobacillus	1578	Lactobacillus sp. LL6	2596827	FALSE
2620435	2620435	unclassified Lactobacillus		NO_RANK				no	firmicutes	Bacteria	2	Bacillati	1783272	Bacillota	1239	Bacilli	91061	Lactobacillales	186826	Lactobacillaceae	33958	Lactobacillus	1578			FALSE
2624479	2624479	unclassified Eubacterium (in: firmicutes)		NO_RANK				no	firmicutes	Bacteria	2	Bacillati	1783272	Bacillota	1239	Clostridia	186801	Eubacteriales	186802	Eubacteriaceae	186806	Eubacterium	1730			FALSE
2652289	2652289	Selenomonadaceae bacterium		SPECIES				no	firmicutes	Bacteria	2	Bacillati	1783272	Bacillota	1239	Negativicutes	909932	Selenomonadales	909929	Selenomonadaceae	1843491			Selenomonadaceae bacterium	2652289	FALSE
2660712	2660712	Defluviitaleaceae bacterium		SPECIES				no	firmicutes	Bacteria	2	Bacillati	1783272	Bacillota	1239	Clostridia	186801	Lachnospirales	3085636	Defluviitaleaceae	1185407			Defluviitaleaceae bacterium	2660712	FALSE
267363	267363	Levilactobacillus zymae	(Vancanneyt et al. 2005) Zheng et al. 2020	SPECIES	Lactobacillus zymae	Vancanneyt et al. 2005		yes	firmicutes	Bacteria	2	Bacillati	1783272	Bacillota	1239	Bacilli	91061	Lactobacillales	186826	Lactobacillaceae	33958	Levilactobacillus	2767886	Levilactobacillus zymae	267363	TRUE
267364	267364	Levilactobacillus acidifarinae	(Vancanneyt et al. 2005) Zheng et al. 2020	SPECIES	Lactobacillus acidifarinae	Vancanneyt et al. 2005		yes	firmicutes	Bacteria	2	Bacillati	1783272	Bacillota	1239	Bacilli	91061	Lactobacillales	186826	Lactobacillaceae	33958	Levilactobacillus	2767886	Levilactobacillus acidifarinae	267364	TRUE
267818	267818	Lactobacillus kefiranofaciens	Fujisawa et al. 1988	SPECIES				yes	firmicutes	Bacteria	2	Bacillati	1783272	Bacillota	1239	Bacilli	91061	Lactobacillales	186826	Lactobacillaceae	33958	Lactobacillus	1578	Lactobacillus kefiranofaciens	267818	TRUE
2695882	2695882	Lactobacillus sp. 3B(2020)		SPECIES				no	firmicutes	Bacteria	2	Bacillati	1783272	Bacillota	1239	Bacilli	91061	Lactobacillales	186826	Lactobacillaceae	33958	Lactobacillus	1578	Lactobacillus sp. 3B(2020)	2695882	FALSE
2714036	2714036	Companilactobacillus pabuli	Jung et al. 2021	SPECIES				yes	firmicutes	Bacteria	2	Bacillati	1783272	Bacillota	1239	Bacilli	91061	Lactobacillales	186826	Lactobacillaceae	33958	Companilactobacillus	2767879	Companilactobacillus pabuli	2714036	TRUE
2742598	2742598	Limosilactobacillus	Zheng et al. 2020	GENUS				no	firmicutes	Bacteria	2	Bacillati	1783272	Bacillota	1239	Bacilli	91061	Lactobacillales	186826	Lactobacillaceae	33958	Limosilactobacillus	2742598			TRUE
2742600	2742600	Limosilactobacillus urinaemulieris	Ksiezarek et al. 2021	SPECIES				yes	firmicutes	Bacteria	2	Bacillati	1783272	Bacillota	1239	Bacilli	91061	Lactobacillales	186826	Lactobacillaceae	33958	Limosilactobacillus	2742598	Limosilactobacillus urinaemulieris	2742600	TRUE
2742601	2742601	Limosilactobacillus portuensis	Ksiezarek et al. 2021	SPECIES				yes	firmicutes	Bacteria	2	Bacillati	1783272	Bacillota	1239	Bacilli	91061	Lactobacillales	186826	Lactobacillaceae	33958	Limosilactobacillus	2742598	Limosilactobacillus portuensis	2742601	TRUE
2751030	2751030	Lactobacillus sp. M0396		SPECIES				no	firmicutes	Bacteria	2	Bacillati	1783272	Bacillota	1239	Bacilli	91061	Lactobacillales	186826	Lactobacillaceae	33958	Lactobacillus	1578	Lactobacillus sp. M0396	2751030	FALSE
2751031	2751031	Lactobacillus sp. M0403		SPECIES				no	firmicutes	Bacteria	2	Bacillati	1783272	Bacillota	1239	Bacilli	91061	Lactobacillales	186826	Lactobacillaceae	33958	Lactobacillus	1578	Lactobacillus sp. M0403	2751031	FALSE
2759747	2759747	Limosilactobacillus balticus	Li et al. 2021	SPECIES				yes	firmicutes	Bacteria	2	Bacillati	1783272	Bacillota	1239	Bacilli	91061	Lactobacillales	186826	Lactobacillaceae	33958	Limosilactobacillus	2742598	Limosilactobacillus balticus	2759747	TRUE
2759748	2759748	Limosilactobacillus agrestis	Li et al. 2021	SPECIES				yes	firmicutes	Bacteria	2	Bacillati	1783272	Bacillota	1239	Bacilli	91061	Lactobacillales	186826	Lactobacillaceae	33958	Limosilactobacillus	2742598	Limosilactobacillus agrestis	2759748	TRUE
2759752	2759752	Limosilactobacillus albertensis	Li et al. 2021	SPECIES				yes	firmicutes	Bacteria	2	Bacillati	1783272	Bacillota	1239	Bacilli	91061	Lactobacillales	186826	Lactobacillaceae	33958	Limosilactobacillus	2742598	Limosilactobacillus albertensis	2759752	TRUE
2759755	2759755	Limosilactobacillus rudii	Li et al. 2021	SPECIES				yes	firmicutes	Bacteria	2	Bacillati	1783272	Bacillota	1239	Bacilli	91061	Lactobacillales	186826	Lactobacillaceae	33958	Limosilactobacillus	2742598	Limosilactobacillus rudii	2759755	TRUE
2759855	2759855	Limosilactobacillus fastidiosus	Li et al. 2021	SPECIES				yes	firmicutes	Bacteria	2	Bacillati	1783272	Bacillota	1239	Bacilli	91061	Lactobacillales	186826	Lactobacillaceae	33958	Limosilactobacillus	2742598	Limosilactobacillus fastidiosus	2759855	TRUE
2762243	2762243	Limosilactobacillus avistercoris	Gilroy et al. 2021	SPECIES				yes	firmicutes	Bacteria	2	Bacillati	1783272	Bacillota	1239	Bacilli	91061	Lactobacillales	186826	Lactobacillaceae	33958	Limosilactobacillus	2742598	Limosilactobacillus avistercoris	2762243	FALSE
2767886	2767886	Levilactobacillus	Zheng et al. 2020	GENUS				no	firmicutes	Bacteria	2	Bacillati	1783272	Bacillota	1239	Bacilli	91061	Lactobacillales	186826	Lactobacillaceae	33958	Levilactobacillus	2767886			TRUE
2767887	2767887	Ligilactobacillus	Zheng et al. 2020	GENUS				no	firmicutes	Bacteria	2	Bacillati	1783272	Bacillota	1239	Bacilli	91061	Lactobacillales	186826	Lactobacillaceae	33958	Ligilactobacillus	2767887			TRUE
2767893	2767893	Lentilactobacillus	Zheng et al. 2020	GENUS				no	firmicutes	Bacteria	2	Bacillati	1783272	Bacillota	1239	Bacilli	91061	Lactobacillales	186826	Lactobacillaceae	33958	Lentilactobacillus	2767893			TRUE
2767905	2767905	Companilactobacillus sp.		SPECIES				no	firmicutes	Bacteria	2	Bacillati	1783272	Bacillota	1239	Bacilli	91061	Lactobacillales	186826	Lactobacillaceae	33958	Companilactobacillus	2767879	Companilactobacillus sp.	2767905	FALSE
2773925	2773925	Limosilactobacillus sp.		SPECIES				no	firmicutes	Bacteria	2	Bacillati	1783272	Bacillota	1239	Bacilli	91061	Lactobacillales	186826	Lactobacillaceae	33958	Limosilactobacillus	2742598	Limosilactobacillus sp.	2773925	FALSE
2797258	2797258	Lactobacillus nasalidis	Suzuki-Hashido et al. 2021	SPECIES				yes	firmicutes	Bacteria	2	Bacillati	1783272	Bacillota	1239	Bacilli	91061	Lactobacillales	186826	Lactobacillaceae	33958	Lactobacillus	1578	Lactobacillus nasalidis	2797258	TRUE
2799566	2799566	Levilactobacillus wangkuiensis	Liu et al. 2021	SPECIES				yes	firmicutes	Bacteria	2	Bacillati	1783272	Bacillota	1239	Bacilli	91061	Lactobacillales	186826	Lactobacillaceae	33958	Levilactobacillus	2767886	Levilactobacillus wangkuiensis	2799566	TRUE
2799568	2799568	Levilactobacillus lanxiensis	Liu et al. 2021	SPECIES				yes	firmicutes	Bacteria	2	Bacillati	1783272	Bacillota	1239	Bacilli	91061	Lactobacillales	186826	Lactobacillaceae	33958	Levilactobacillus	2767886	Levilactobacillus lanxiensis	2799568	TRUE
2801451	2801451	Companilactobacillus bobalius	(Mañes-Lázaro et al. 2008) Zheng et al. 2020	SPECIES	Lactobacillus bobalius	Mañes-Lázaro et al. 2008		yes	firmicutes	Bacteria	2	Bacillati	1783272	Bacillota	1239	Bacilli	91061	Lactobacillales	186826	Lactobacillaceae	33958	Companilactobacillus	2767879	Companilactobacillus bobalius	2801451	TRUE
2801452	2801452	Companilactobacillus kimchii	(Yoon et al. 2000) Zheng et al. 2020	SPECIES	Lactobacillus kimchii	Yoon et al. 2000		yes	firmicutes	Bacteria	2	Bacillati	1783272	Bacillota	1239	Bacilli	91061	Lactobacillales	186826	Lactobacillaceae	33958	Companilactobacillus	2767879	Companilactobacillus kimchii	2801452	TRUE
2813935	2813935	uncultured Secundilactobacillus sp.		SPECIES				no	firmicutes	Bacteria	2	Bacillati	1783272	Bacillota	1239	Bacilli	91061	Lactobacillales	186826	Lactobacillaceae	33958	Secundilactobacillus	2767892	uncultured Secundilactobacillus sp.	2813935	FALSE
2823317	2823317	Phascolarctobacterium sp. Marseille-Q4147		SPECIES				no	firmicutes	Bacteria	2	Bacillati	1783272	Bacillota	1239	Negativicutes	909932	Acidaminococcales	1843488	Acidaminococcaceae	909930	Phascolarctobacterium	33024	Phascolarctobacterium sp. Marseille-Q4147	2823317	FALSE
2831996	2831996	Eubacteriales bacterium		SPECIES				no	firmicutes	Bacteria	2	Bacillati	1783272	Bacillota	1239	Clostridia	186801	Eubacteriales	186802					Eubacteriales bacterium	2831996	FALSE
2832643	2832643	Caudoviricetes sp.		SPECIES				no	viruses	Duplodnaviria	2731341	Heunggongvirae	2731360	Uroviricota	2731618	Caudoviricetes	2731619							Caudoviricetes sp.	2832643	FALSE
2837629	2837629	uncultured Limosilactobacillus sp.		SPECIES				no	firmicutes	Bacteria	2	Bacillati	1783272	Bacillota	1239	Bacilli	91061	Lactobacillales	186826	Lactobacillaceae	33958	Limosilactobacillus	2742598	uncultured Limosilactobacillus sp.	2837629	FALSE
2837633	2837633	uncultured Ligilactobacillus sp.		SPECIES				no	firmicutes	Bacteria	2	Bacillati	1783272	Bacillota	1239	Bacilli	91061	Lactobacillales	186826	Lactobacillaceae	33958	Ligilactobacillus	2767887	uncultured Ligilactobacillus sp.	2837633	FALSE
2838636	2838636	Candidatus Lactobacillus pullistercoris	Gilroy et al. 2021	SPECIES				no	firmicutes	Bacteria	2	Bacillati	1783272	Bacillota	1239	Bacilli	91061	Lactobacillales	186826	Lactobacillaceae	33958	Lactobacillus	1578	Candidatus Lactobacillus pullistercoris	2838636	FALSE
2838645	2838645	Candidatus Limosilactobacillus excrementigallinarum	Gilroy et al. 2021	SPECIES				no	firmicutes	Bacteria	2	Bacillati	1783272	Bacillota	1239	Bacilli	91061	Lactobacillales	186826	Lactobacillaceae	33958	Limosilactobacillus	2742598	Candidatus Limosilactobacillus excrementigallinarum	2838645	FALSE
2838646	2838646	Candidatus Limosilactobacillus faecipullorum	Gilroy et al. 2021	SPECIES				no	firmicutes	Bacteria	2	Bacillati	1783272	Bacillota	1239	Bacilli	91061	Lactobacillales	186826	Lactobacillaceae	33958	Limosilactobacillus	2742598	Candidatus Limosilactobacillus faecipullorum	2838646	FALSE
2838648	2838648	Candidatus Limosilactobacillus intestinavium	Gilroy et al. 2021	SPECIES				no	firmicutes	Bacteria	2	Bacillati	1783272	Bacillota	1239	Bacilli	91061	Lactobacillales	186826	Lactobacillaceae	33958	Limosilactobacillus	2742598	Candidatus Limosilactobacillus intestinavium	2838648	FALSE
2838650	2838650	Candidatus Limosilactobacillus intestinipullorum	Gilroy et al. 2021	SPECIES				no	firmicutes	Bacteria	2	Bacillati	1783272	Bacillota	1239	Bacilli	91061	Lactobacillales	186826	Lactobacillaceae	33958	Limosilactobacillus	2742598	Candidatus Limosilactobacillus intestinipullorum	2838650	FALSE
2838652	2838652	Candidatus Limosilactobacillus merdigallinarum	Gilroy et al. 2021	SPECIES				no	firmicutes	Bacteria	2	Bacillati	1783272	Bacillota	1239	Bacilli	91061	Lactobacillales	186826	Lactobacillaceae	33958	Limosilactobacillus	2742598	Candidatus Limosilactobacillus merdigallinarum	2838652	FALSE
2838653	2838653	Candidatus Limosilactobacillus merdipullorum	Gilroy et al. 2021	SPECIES				no	firmicutes	Bacteria	2	Bacillati	1783272	Bacillota	1239	Bacilli	91061	Lactobacillales	186826	Lactobacillaceae	33958	Limosilactobacillus	2742598	Candidatus Limosilactobacillus merdipullorum	2838653	FALSE
2840860	2840860	Candidatus Limousia pullorum	Gilroy et al. 2021	SPECIES				no	firmicutes	Bacteria	2	Bacillati	1783272	Bacillota	1239	Clostridia	186801	Eubacteriales	186802	Oscillospiraceae	216572	Candidatus Limousia	2840639	Candidatus Limousia pullorum	2840860	FALSE
2879107	2879107	Lactobacillus sp. IBH004		SPECIES				no	firmicutes	Bacteria	2	Bacillati	1783272	Bacillota	1239	Bacilli	91061	Lactobacillales	186826	Lactobacillaceae	33958	Lactobacillus	1578	Lactobacillus sp. IBH004	2879107	FALSE
2885356	2885356	Hominilimicola fabiformis	Afrizal et al. 2023	SPECIES				yes	firmicutes	Bacteria	2	Bacillati	1783272	Bacillota	1239	Clostridia	186801	Eubacteriales	186802	Oscillospiraceae	216572	Hominilimicola	3073565	Hominilimicola fabiformis	2885356	TRUE
29397	29397	Lactobacillus delbrueckii subsp. lactis	(Orla-Jensen 1919) Weiss et al. 1984	SUBSPECIES	"Thermobacterium lactis"	Orla-Jensen 1919		yes	firmicutes	Bacteria	2	Bacillati	1783272	Bacillota	1239	Bacilli	91061	Lactobacillales	186826	Lactobacillaceae	33958	Lactobacillus	1578	Lactobacillus delbrueckii	1584	TRUE
2941328	2941328	Lactobacillus agrestimuris	Afrizal et al. 2023	SPECIES				yes	firmicutes	Bacteria	2	Bacillati	1783272	Bacillota	1239	Bacilli	91061	Lactobacillales	186826	Lactobacillaceae	33958	Lactobacillus	1578	Lactobacillus agrestimuris	2941328	TRUE
2941331	2941331	Limosilactobacillus agrestimuris	Afrizal et al. 2023	SPECIES				yes	firmicutes	Bacteria	2	Bacillati	1783272	Bacillota	1239	Bacilli	91061	Lactobacillales	186826	Lactobacillaceae	33958	Limosilactobacillus	2742598	Limosilactobacillus agrestimuris	2941331	TRUE
2941332	2941332	Limosilactobacillus caecicola	Afrizal et al. 2023	SPECIES				yes	firmicutes	Bacteria	2	Bacillati	1783272	Bacillota	1239	Bacilli	91061	Lactobacillales	186826	Lactobacillaceae	33958	Limosilactobacillus	2742598	Limosilactobacillus caecicola	2941332	TRUE
2944216	2944216	Lentihominibacter sp.		SPECIES				no	firmicutes	Bacteria	2	Bacillati	1783272	Bacillota	1239	Clostridia	186801	Peptostreptococcales	3082720	Anaerovoracaceae	543314	Lentihominibacter	2944200	Lentihominibacter sp.	2944216	FALSE
29523	29523	Bacteroides sp.		SPECIES				no	CFB group bacteria	Bacteria	2	Pseudomonadati	3379134	Bacteroidota	976	Bacteroidia	200643	Bacteroidales	171549	Bacteroidaceae	815	Bacteroides	816	Bacteroides sp.	29523	FALSE
2953880	2953880	Levilactobacillus yiduensis	Dong et al.2023	SPECIES				yes	firmicutes	Bacteria	2	Bacillati	1783272	Bacillota	1239	Bacilli	91061	Lactobacillales	186826	Lactobacillaceae	33958	Levilactobacillus	2767886	Levilactobacillus yiduensis	2953880	TRUE
2981669	2981669	Suilimivivens sp.		SPECIES				no	firmicutes	Bacteria	2	Bacillati	1783272	Bacillota	1239	Clostridia	186801	Lachnospirales	3085636	Lachnospiraceae	186803	Suilimivivens	2981640	Suilimivivens sp.	2981669	FALSE
2981728	2981728	Huintestinicola butyrica	Hitch et al. 2022	SPECIES				yes	firmicutes	Bacteria	2	Bacillati	1783272	Bacillota	1239	Clostridia	186801	Eubacteriales	186802	Oscillospiraceae	216572	Huintestinicola	2981636	Huintestinicola butyrica	2981728	TRUE
2982695	2982695	Limosilactobacillus kribbianus	Bai et al. 2023	SPECIES				yes	firmicutes	Bacteria	2	Bacillati	1783272	Bacillota	1239	Bacilli	91061	Lactobacillales	186826	Lactobacillaceae	33958	Limosilactobacillus	2742598	Limosilactobacillus kribbianus	2982695	TRUE
2991831	2991831	Limosilactobacillus avium	Rios-Galicia et al. 2024	SPECIES				yes	firmicutes	Bacteria	2	Bacillati	1783272	Bacillota	1239	Bacilli	91061	Lactobacillales	186826	Lactobacillaceae	33958	Limosilactobacillus	2742598	Limosilactobacillus avium	2991831	TRUE
2991833	2991833	Limosilactobacillus pulli	Rios-Galicia et al. 2024	SPECIES				yes	firmicutes	Bacteria	2	Bacillati	1783272	Bacillota	1239	Bacilli	91061	Lactobacillales	186826	Lactobacillaceae	33958	Limosilactobacillus	2742598	Limosilactobacillus pulli	2991833	TRUE
2991834	2991834	Limosilactobacillus galli	Rios-Galicia et al. 2024	SPECIES				yes	firmicutes	Bacteria	2	Bacillati	1783272	Bacillota	1239	Bacilli	91061	Lactobacillales	186826	Lactobacillaceae	33958	Limosilactobacillus	2742598	Limosilactobacillus galli	2991834	TRUE
2993450	2993450	Limosilactobacillus viscerum	Rios-Galicia et al. 2024	SPECIES				yes	firmicutes	Bacteria	2	Bacillati	1783272	Bacillota	1239	Bacilli	91061	Lactobacillales	186826	Lactobacillaceae	33958	Limosilactobacillus	2742598	Limosilactobacillus viscerum	2993450	TRUE
2993455	2993455	Lactobacillus isalae	Eilers et al. 2023	SPECIES				yes	firmicutes	Bacteria	2	Bacillati	1783272	Bacillota	1239	Bacilli	91061	Lactobacillales	186826	Lactobacillaceae	33958	Lactobacillus	1578	Lactobacillus isalae	2993455	TRUE
2995136	2995136	Dellaglioa carnosa	Werum and Ehrmann 2023	SPECIES				yes	firmicutes	Bacteria	2	Bacillati	1783272	Bacillota	1239	Bacilli	91061	Lactobacillales	186826	Lactobacillaceae	33958	Dellaglioa	2767880	Dellaglioa carnosa	2995136	TRUE
3030912	3030912	Anaerovoracaceae bacterium		SPECIES				no	firmicutes	Bacteria	2	Bacillati	1783272	Bacillota	1239	Clostridia	186801	Peptostreptococcales	3082720	Anaerovoracaceae	543314			Anaerovoracaceae bacterium	3030912	FALSE
303541	303541	Lactobacillus apis	Killer et al. 2014	SPECIES				yes	firmicutes	Bacteria	2	Bacillati	1783272	Bacillota	1239	Bacilli	91061	Lactobacillales	186826	Lactobacillaceae	33958	Lactobacillus	1578	Lactobacillus apis	303541	TRUE
3048875	3048875	Candidatus Ornithomonoglobus sp.		SPECIES				no	firmicutes	Bacteria	2	Bacillati	1783272	Bacillota	1239	Clostridia	186801					Candidatus Ornithomonoglobus	2840566	Candidatus Ornithomonoglobus sp.	3048875	FALSE
305793	305793	Companilactobacillus nantensis	(Valcheva et al. 2006) Zheng et al. 2020	SPECIES	Lactobacillus nantensis	Valcheva et al. 2006		yes	firmicutes	Bacteria	2	Bacillati	1783272	Bacillota	1239	Bacilli	91061	Lactobacillales	186826	Lactobacillaceae	33958	Companilactobacillus	2767879	Companilactobacillus nantensis	305793	TRUE
307126	307126	Ligilactobacillus apodemi	(Osawa et al. 2006) Zheng et al. 2020	SPECIES	Lactobacillus apodemi	Osawa et al. 2006		yes	firmicutes	Bacteria	2	Bacillati	1783272	Bacillota	1239	Bacilli	91061	Lactobacillales	186826	Lactobacillaceae	33958	Ligilactobacillus	2767887	Ligilactobacillus apodemi	307126	TRUE
3073565	3073565	Hominilimicola	Afrizal et al. 2023	GENUS				no	firmicutes	Bacteria	2	Bacillati	1783272	Bacillota	1239	Clostridia	186801	Eubacteriales	186802	Oscillospiraceae	216572	Hominilimicola	3073565			TRUE
3076484	3076484	Candidatus Fimadaptatus sp.		SPECIES				no	firmicutes	Bacteria	2	Bacillati	1783272	Bacillota	1239	Clostridia	186801	Eubacteriales	186802			Candidatus Fimadaptatus	2840589	Candidatus Fimadaptatus sp.	3076484	FALSE
3077420	3077420	Acutalibacteraceae bacterium		SPECIES				no	firmicutes	Bacteria	2	Bacillati	1783272	Bacillota	1239	Clostridia	186801	Eubacteriales	186802	Acutalibacteraceae	3082771			Acutalibacteraceae bacterium	3077420	FALSE
3081444	3081444	Companilactobacillus muriivasis	Zhang et al. 2024	SPECIES				yes	firmicutes	Bacteria	2	Bacillati	1783272	Bacillota	1239	Bacilli	91061	Lactobacillales	186826	Lactobacillaceae	33958	Companilactobacillus	2767879	Companilactobacillus muriivasis	3081444	TRUE
3082862	3082862	Lactobacillus juensis	Jiang and Gu 2024	SPECIES				yes	firmicutes	Bacteria	2	Bacillati	1783272	Bacillota	1239	Bacilli	91061	Lactobacillales	186826	Lactobacillaceae	33958	Lactobacillus	1578	Lactobacillus juensis	3082862	TRUE
3083110	3083110	Candidatus Limimonas egerieequi	Gilroy et al. 2022	SPECIES				yes	firmicutes	Bacteria	2	Bacillati	1783272	Bacillota	1239	Clostridia	186801	Eubacteriales	186802	Acutalibacteraceae	3082771	Candidatus Limimonas	3082799	Candidatus Limimonas egerieequi	3083110	FALSE
3083246	3083246	Christensenellales bacterium		SPECIES				no	firmicutes	Bacteria	2	Bacillati	1783272	Bacillota	1239	Clostridia	186801	Christensenellales	3082768					Christensenellales bacterium	3083246	FALSE
3109358	3109358	Companilactobacillus sp. HBUAS59699		SPECIES				no	firmicutes	Bacteria	2	Bacillati	1783272	Bacillota	1239	Bacilli	91061	Lactobacillales	186826	Lactobacillaceae	33958	Companilactobacillus	2767879	Companilactobacillus sp. HBUAS59699	3109358	FALSE
3109360	3109360	Companilactobacillus sp. HBUAS56257		SPECIES				no	firmicutes	Bacteria	2	Bacillati	1783272	Bacillota	1239	Bacilli	91061	Lactobacillales	186826	Lactobacillaceae	33958	Companilactobacillus	2767879	Companilactobacillus sp. HBUAS56257	3109360	FALSE
3109363	3109363	Companilactobacillus sp. HBUAS59544		SPECIES				no	firmicutes	Bacteria	2	Bacillati	1783272	Bacillota	1239	Bacilli	91061	Lactobacillales	186826	Lactobacillaceae	33958	Companilactobacillus	2767879	Companilactobacillus sp. HBUAS59544	3109363	FALSE
3109364	3109364	Companilactobacillus sp. HBUAS56275		SPECIES				no	firmicutes	Bacteria	2	Bacillati	1783272	Bacillota	1239	Bacilli	91061	Lactobacillales	186826	Lactobacillaceae	33958	Companilactobacillus	2767879	Companilactobacillus sp. HBUAS56275	3109364	FALSE
3138072	3138072	Desulfitobacterium sp. THU1		SPECIES				no	firmicutes	Bacteria	2	Bacillati	1783272	Bacillota	1239	Clostridia	186801	Eubacteriales	186802	Desulfitobacteriaceae	2937909	Desulfitobacterium	36853	Desulfitobacterium sp. THU1	3138072	FALSE
3142768	3142768	Lactobacillaceae bacterium 24-114		SPECIES				no	firmicutes	Bacteria	2	Bacillati	1783272	Bacillota	1239	Bacilli	91061	Lactobacillales	186826	Lactobacillaceae	33958			Lactobacillaceae bacterium 24-114	3142768	FALSE
3142938	3142938	Limosilactobacillus allomucosae	Chen et al. 2025	SPECIES				yes	firmicutes	Bacteria	2	Bacillati	1783272	Bacillota	1239	Bacilli	91061	Lactobacillales	186826	Lactobacillaceae	33958	Limosilactobacillus	2742598	Limosilactobacillus allomucosae	3142938	TRUE
319652	319652	Pediococcus cellicola	Zhang et al. 2005	SPECIES				yes	firmicutes	Bacteria	2	Bacillati	1783272	Bacillota	1239	Bacilli	91061	Lactobacillales	186826	Lactobacillaceae	33958	Pediococcus	1253	Pediococcus cellicola	319652	TRUE
319653	319653	Pediococcus ethanolidurans	Liu et al. 2006	SPECIES				yes	firmicutes	Bacteria	2	Bacillati	1783272	Bacillota	1239	Bacilli	91061	Lactobacillales	186826	Lactobacillaceae	33958	Pediococcus	1253	Pediococcus ethanolidurans	319653	TRUE
3344667	3344667	Dellaglioa kimchii	Ko et al. 2025	SPECIES				yes	firmicutes	Bacteria	2	Bacillati	1783272	Bacillota	1239	Bacilli	91061	Lactobacillales	186826	Lactobacillaceae	33958	Dellaglioa	2767880	Dellaglioa kimchii	3344667	TRUE
3373892	3373892	Companilactobacillus sp. FL22-1		SPECIES				no	firmicutes	Bacteria	2	Bacillati	1783272	Bacillota	1239	Bacilli	91061	Lactobacillales	186826	Lactobacillaceae	33958	Companilactobacillus	2767879	Companilactobacillus sp. FL22-1	3373892	FALSE
33958	33958	Lactobacillaceae	Winslow et al. 1917 (Approved Lists 1980)	FAMILY				no	firmicutes	Bacteria	2	Bacillati	1783272	Bacillota	1239	Bacilli	91061	Lactobacillales	186826	Lactobacillaceae	33958					TRUE
33959	33959	Lactobacillus johnsonii	Fujisawa et al. 1992	SPECIES				yes	firmicutes	Bacteria	2	Bacillati	1783272	Bacillota	1239	Bacilli	91061	Lactobacillales	186826	Lactobacillaceae	33958	Lactobacillus	1578	Lactobacillus johnsonii	33959	TRUE
3455454	3455454	Lactobacillus sp. PSON		SPECIES				no	firmicutes	Bacteria	2	Bacillati	1783272	Bacillota	1239	Bacilli	91061	Lactobacillales	186826	Lactobacillaceae	33958	Lactobacillus	1578	Lactobacillus sp. PSON	3455454	FALSE
35787	35787	Limosilactobacillus pontis	(Vogel et al. 1994) Zheng et al. 2020	SPECIES	Lactobacillus pontis	Vogel et al. 1994		yes	firmicutes	Bacteria	2	Bacillati	1783272	Bacillota	1239	Bacilli	91061	Lactobacillales	186826	Lactobacillaceae	33958	Limosilactobacillus	2742598	Limosilactobacillus pontis	35787	TRUE
38018	38018	Bacteriophage sp.		SPECIES				no	viruses															Bacteriophage sp.	38018	FALSE
380393	380393	Levilactobacillus namurensis	(Scheirlinck et al. 2007) Zheng et al. 2020	SPECIES	Lactobacillus namurensis	Scheirlinck et al. 2007		yes	firmicutes	Bacteria	2	Bacillati	1783272	Bacillota	1239	Bacilli	91061	Lactobacillales	186826	Lactobacillaceae	33958	Levilactobacillus	2767886	Levilactobacillus namurensis	380393	TRUE
381829	381829	Pediococcus siamensis	Tanasupawat et al. 2007	SPECIES				yes	firmicutes	Bacteria	2	Bacillati	1783272	Bacillota	1239	Bacilli	91061	Lactobacillales	186826	Lactobacillaceae	33958	Pediococcus	1253	Pediococcus siamensis	381829	TRUE
392416	392416	Companilactobacillus crustorum	(Scheirlinck et al. 2007) Zheng et al. 2020	SPECIES	Lactobacillus crustorum	Scheirlinck et al. 2007		yes	firmicutes	Bacteria	2	Bacillati	1783272	Bacillota	1239	Bacilli	91061	Lactobacillales	186826	Lactobacillaceae	33958	Companilactobacillus	2767879	Companilactobacillus crustorum	392416	TRUE
39482	39482	Faecalicatena contorta	(Prévot 1947) Sakamoto et al. 2017	SPECIES				yes	firmicutes	Bacteria	2	Bacillati	1783272	Bacillota	1239	Clostridia	186801	Lachnospirales	3085636	Lachnospiraceae	186803	Faecalicatena	2005359	Faecalicatena contorta	39482	TRUE
39488	39488	Anaerobutyricum hallii	(Holdeman and Moore 1974) Shetty et al. 2018	SPECIES	Eubacterium hallii	Holdeman and Moore 1974 (Approved Lists 1980)		yes	firmicutes	Bacteria	2	Bacillati	1783272	Bacillota	1239	Clostridia	186801	Lachnospirales	3085636	Lachnospiraceae	186803	Anaerobutyricum	2569097	Anaerobutyricum hallii	39488	TRUE
396716	396716	Ligilactobacillus hayakitensis	(Morita et al. 2007) Zheng et al. 2020	SPECIES	Lactobacillus hayakitensis	Morita et al. 2007		yes	firmicutes	Bacteria	2	Bacillati	1783272	Bacillota	1239	Bacilli	91061	Lactobacillales	186826	Lactobacillaceae	33958	Ligilactobacillus	2767887	Ligilactobacillus hayakitensis	396716	TRUE
396812	396812	Fulvivirga kasyanovii	Nedashkovskaya et al. 2007	SPECIES				yes	CFB group bacteria	Bacteria	2	Pseudomonadati	3379134	Bacteroidota	976	Cytophagia	768503	Cytophagales	768507	Fulvivirgaceae	2762286	Fulvivirga	396811	Fulvivirga kasyanovii	396812	TRUE
41978	41978	Ruminococcus sp.		SPECIES				no	firmicutes	Bacteria	2	Bacillati	1783272	Bacillota	1239	Clostridia	186801	Eubacteriales	186802	Oscillospiraceae	216572	Ruminococcus	1263	Ruminococcus sp.	41978	FALSE
420645	420645	Lactobacillus equicursoris	Morita et al. 2010	SPECIES				yes	firmicutes	Bacteria	2	Bacillati	1783272	Bacillota	1239	Bacilli	91061	Lactobacillales	186826	Lactobacillaceae	33958	Lactobacillus	1578	Lactobacillus equicursoris	420645	TRUE
440496	440496	Lactobacillus crispatus CTV-05		STRAIN				no	firmicutes	Bacteria	2	Bacillati	1783272	Bacillota	1239	Bacilli	91061	Lactobacillales	186826	Lactobacillaceae	33958	Lactobacillus	1578	Lactobacillus crispatus	47770	FALSE
460870	460870	Companilactobacillus nodensis	(Kashiwagi et al. 2009) Zheng et al. 2020	SPECIES	Lactobacillus nodensis	Kashiwagi et al. 2009		yes	firmicutes	Bacteria	2	Bacillati	1783272	Bacillota	1239	Bacilli	91061	Lactobacillales	186826	Lactobacillaceae	33958	Companilactobacillus	2767879	Companilactobacillus nodensis	460870	TRUE
46206	46206	Pseudobutyrivibrio ruminis	van Gylswyk et al. 1996	SPECIES				yes	firmicutes	Bacteria	2	Bacillati	1783272	Bacillota	1239	Clostridia	186801	Lachnospirales	3085636	Lachnospiraceae	186803	Pseudobutyrivibrio	46205	Pseudobutyrivibrio ruminis	46206	TRUE
472113	472113	Geofilum rubicundum	Miyazaki et al. 2012	SPECIES				yes	CFB group bacteria	Bacteria	2	Pseudomonadati	3379134	Bacteroidota	976	Bacteroidia	200643	Marinilabiliales	1970189	Marinilabiliaceae	558415	Geofilum	1236988	Geofilum rubicundum	472113	TRUE
47493	47493	Limosilactobacillus panis	(Wiese et al. 1996) Zheng et al. 2020	SPECIES	Lactobacillus panis	Wiese et al. 1996		yes	firmicutes	Bacteria	2	Bacillati	1783272	Bacillota	1239	Bacilli	91061	Lactobacillales	186826	Lactobacillaceae	33958	Limosilactobacillus	2742598	Limosilactobacillus panis	47493	TRUE
47770	47770	Lactobacillus crispatus		SPECIES	"Eubacterium crispatum"	Brygoo and Aladame 1953		yes	firmicutes	Bacteria	2	Bacillati	1783272	Bacillota	1239	Bacilli	91061	Lactobacillales	186826	Lactobacillaceae	33958	Lactobacillus	1578	Lactobacillus crispatus	47770	TRUE
508451	508451	Lactobacillus taiwanensis	Wang et al. 2009	SPECIES				yes	firmicutes	Bacteria	2	Bacillati	1783272	Bacillota	1239	Bacilli	91061	Lactobacillales	186826	Lactobacillaceae	33958	Lactobacillus	1578	Lactobacillus taiwanensis	508451	TRUE
512296	512296	uncultured Phascolarctobacterium sp.		SPECIES				no	firmicutes	Bacteria	2	Bacillati	1783272	Bacillota	1239	Negativicutes	909932	Acidaminococcales	1843488	Acidaminococcaceae	909930	Phascolarctobacterium	33024	uncultured Phascolarctobacterium sp.	512296	FALSE
52242	52242	Lactobacillus gallinarum	Fujisawa et al. 1992	SPECIES				yes	firmicutes	Bacteria	2	Bacillati	1783272	Bacillota	1239	Bacilli	91061	Lactobacillales	186826	Lactobacillaceae	33958	Lactobacillus	1578	Lactobacillus gallinarum	52242	TRUE
525309	525309	Limosilactobacillus antri DSM 16041		STRAIN				no	firmicutes	Bacteria	2	Bacillati	1783272	Bacillota	1239	Bacilli	91061	Lactobacillales	186826	Lactobacillaceae	33958	Limosilactobacillus	2742598	Limosilactobacillus antri	227943	FALSE
525328	525328	Lactobacillus iners DSM 13335		STRAIN				no	firmicutes	Bacteria	2	Bacillati	1783272	Bacillota	1239	Bacilli	91061	Lactobacillales	186826	Lactobacillaceae	33958	Lactobacillus	1578	Lactobacillus iners	147802	FALSE
525365	525365	Lactobacillus ultunensis DSM 16047		STRAIN				no	firmicutes	Bacteria	2	Bacillati	1783272	Bacillota	1239	Bacilli	91061	Lactobacillales	186826	Lactobacillaceae	33958	Lactobacillus	1578	Lactobacillus ultunensis	227945	FALSE
528209	528209	Secundilactobacillus kimchicus	(Liang et al. 2011) Zheng et al. 2020	SPECIES	Lactobacillus kimchicus	Liang et al. 2011		yes	firmicutes	Bacteria	2	Bacillati	1783272	Bacillota	1239	Bacilli	91061	Lactobacillales	186826	Lactobacillaceae	33958	Secundilactobacillus	2767892	Secundilactobacillus kimchicus	528209	TRUE
54062	54062	Pediococcus parvulus	Gunther and White 1961	SPECIES				yes	firmicutes	Bacteria	2	Bacillati	1783272	Bacillota	1239	Bacilli	91061	Lactobacillales	186826	Lactobacillaceae	33958	Pediococcus	1253	Pediococcus parvulus	54062	TRUE
575595	575595	Lactobacillus crispatus 125-2-CHN		STRAIN				no	firmicutes	Bacteria	2	Bacillati	1783272	Bacillota	1239	Bacilli	91061	Lactobacillales	186826	Lactobacillaceae	33958	Lactobacillus	1578	Lactobacillus crispatus	47770	FALSE
575596	575596	Lactobacillus crispatus MV-1A-US		STRAIN				no	firmicutes	Bacteria	2	Bacillati	1783272	Bacillota	1239	Bacilli	91061	Lactobacillales	186826	Lactobacillaceae	33958	Lactobacillus	1578	Lactobacillus crispatus	47770	FALSE
626940	626940	Phascolarctobacterium succinatutens	Watanabe et al. 2012	SPECIES				yes	firmicutes	Bacteria	2	Bacillati	1783272	Bacillota	1239	Negativicutes	909932	Acidaminococcales	1843488	Acidaminococcaceae	909930	Phascolarctobacterium	33024	Phascolarctobacterium succinatutens	626940	TRUE
748671	748671	Lactobacillus crispatus ST1		STRAIN				no	firmicutes	Bacteria	2	Bacillati	1783272	Bacillota	1239	Bacilli	91061	Lactobacillales	186826	Lactobacillaceae	33958	Lactobacillus	1578	Lactobacillus crispatus	47770	FALSE
762833	762833	Ligilactobacillus faecis	(Endo et al. 2013) Zheng et al. 2020	SPECIES	Lactobacillus faecis	Endo et al. 2013		yes	firmicutes	Bacteria	2	Bacillati	1783272	Bacillota	1239	Bacilli	91061	Lactobacillales	186826	Lactobacillaceae	33958	Ligilactobacillus	2767887	Ligilactobacillus faecis	762833	TRUE
813	813	Chlamydia trachomatis	(Busacca 1935) Rake 1957 (Approved Lists 1980) emend. Everett et al. 1999	SPECIES				yes	chlamydias	Bacteria	2	Pseudomonadati	3379134	Chlamydiota	204428	Chlamydiia	204429	Chlamydiales	51291	Chlamydiaceae	809	Chlamydia	810	Chlamydia trachomatis	813	TRUE
83526	83526	Companilactobacillus paralimentarius	(Cai et al. 1999) Zheng et al. 2020	SPECIES	Lactobacillus paralimentarius	Cai et al. 1999		yes	firmicutes	Bacteria	2	Bacillati	1783272	Bacillota	1239	Bacilli	91061	Lactobacillales	186826	Lactobacillaceae	33958	Companilactobacillus	2767879	Companilactobacillus paralimentarius	83526	TRUE
83683	83683	Lactobacillus amylolyticus	Bohak et al. 1999	SPECIES				yes	firmicutes	Bacteria	2	Bacillati	1783272	Bacillota	1239	Bacilli	91061	Lactobacillales	186826	Lactobacillaceae	33958	Lactobacillus	1578	Lactobacillus amylolyticus	83683	TRUE
841	841	Roseburia	Stanton and Savage 1983	GENUS				no	firmicutes	Bacteria	2	Bacillati	1783272	Bacillota	1239	Clostridia	186801	Lachnospirales	3085636	Lachnospiraceae	186803	Roseburia	841			TRUE
857143	857143	Streptococcus mutans 11VS1		STRAIN				no	firmicutes	Bacteria	2	Bacillati	1783272	Bacillota	1239	Bacilli	91061	Lactobacillales	186826	Streptococcaceae	1300	Streptococcus	1301	Streptococcus mutans	1309	FALSE
872327	872327	Lactobacillus pasteurii	Cousin et al. 2013	SPECIES				yes	firmicutes	Bacteria	2	Bacillati	1783272	Bacillota	1239	Bacilli	91061	Lactobacillales	186826	Lactobacillaceae	33958	Lactobacillus	1578	Lactobacillus pasteurii	872327	TRUE
87541	87541	Aerococcus christensenii	Collins et al. 1999 emend. Tohno et al. 2014	SPECIES				yes	firmicutes	Bacteria	2	Bacillati	1783272	Bacillota	1239	Bacilli	91061	Lactobacillales	186826	Aerococcaceae	186827	Aerococcus	1375	Aerococcus christensenii	87541	TRUE
879299	879299	Lactobacillus iners LactinV 09V1-c		STRAIN				no	firmicutes	Bacteria	2	Bacillati	1783272	Bacillota	1239	Bacilli	91061	Lactobacillales	186826	Lactobacillaceae	33958	Lactobacillus	1578	Lactobacillus iners	147802	FALSE
879566	879566	Acetatifactor muris	Pfeiffer et al. 2013	SPECIES				yes	firmicutes	Bacteria	2	Bacillati	1783272	Bacillota	1239	Clostridia	186801	Lachnospirales	3085636	Lachnospiraceae	186803	Acetatifactor	1427378	Acetatifactor muris	879566	TRUE
887896	887896	Limosilactobacillus coleohominis DSM 14060		STRAIN				no	firmicutes	Bacteria	2	Bacillati	1783272	Bacillota	1239	Bacilli	91061	Lactobacillales	186826	Lactobacillaceae	33958	Limosilactobacillus	2742598	Limosilactobacillus coleohominis	181675	FALSE
889453	889453	Alkalitalea saponilacus	Zhao and Chen 2012	SPECIES				yes	CFB group bacteria	Bacteria	2	Pseudomonadati	3379134	Bacteroidota	976	Bacteroidia	200643	Marinilabiliales	1970189	Marinilabiliaceae	558415	Alkalitalea	1193324	Alkalitalea saponilacus	889453	TRUE
938155	938155	Companilactobacillus futsaii	(Chao et al. 2012) Zheng et al. 2020	SPECIES	Lactobacillus futsaii	Chao et al. 2012		yes	firmicutes	Bacteria	2	Bacillati	1783272	Bacillota	1239	Bacilli	91061	Lactobacillales	186826	Lactobacillaceae	33958	Companilactobacillus	2767879	Companilactobacillus futsaii	938155	TRUE
947835	947835	Lactobacillus rodentium	Killer et al. 2014	SPECIES				yes	firmicutes	Bacteria	2	Bacillati	1783272	Bacillota	1239	Bacilli	91061	Lactobacillales	186826	Lactobacillaceae	33958	Lactobacillus	1578	Lactobacillus rodentium	947835	TRUE
96565	96565	Lactobacillus hamsteri	Mitsuoka and Fujisawa 1988	SPECIES				yes	firmicutes	Bacteria	2	Bacillati	1783272	Bacillota	1239	Bacilli	91061	Lactobacillales	186826	Lactobacillaceae	33958	Lactobacillus	1578	Lactobacillus hamsteri	96565	TRUE
971	971	Selenomonas ruminantium	(Certes 1889) Wenyon 1926	SPECIES				yes	firmicutes	Bacteria	2	Bacillati	1783272	Bacillota	1239	Negativicutes	909932	Selenomonadales	909929	Selenomonadaceae	1843491	Selenomonas	970	Selenomonas ruminantium	971	TRUE
97478	97478	Limosilactobacillus mucosae	(Roos et al. 2000) Zheng et al. 2020	SPECIES	Lactobacillus mucosae	Roos et al. 2000		yes	firmicutes	Bacteria	2	Bacillati	1783272	Bacillota	1239	Bacilli	91061	Lactobacillales	186826	Lactobacillaceae	33958	Limosilactobacillus	2742598	Limosilactobacillus mucosae	97478	TRUE
990412	990412	Limosilactobacillus alvi	Zheng et al. 2020	SPECIES				yes	firmicutes	Bacteria	2	Bacillati	1783272	Bacillota	1239	Bacilli	91061	Lactobacillales	186826	Lactobacillaceae	33958	Limosilactobacillus	2742598	Limosilactobacillus alvi	990412	TRUE
993692	993692	Companilactobacillus kimchiensis	(Kim et al. 2013) Zheng et al. 2020	SPECIES	Lactobacillus kimchiensis	Kim et al. 2013		yes	firmicutes	Bacteria	2	Bacillati	1783272	Bacillota	1239	Bacilli	91061	Lactobacillales	186826	Lactobacillaceae	33958	Companilactobacillus	2767879	Companilactobacillus kimchiensis	993692	TRUE
