,Assembly Accession,Assembly BioProject Lineage Title,Assembly BioSample BioProject Title,Assembly BioSample Project name,Assembly BioSample Description Title,Assembly BioSample Breed,Assembly BioSample Host,Assembly BioSample Ecotype,Assembly BioSample Cultivar,Assembly BioSample Host disease,Assembly BioSample Isolation source,Assembly BioSample Source type,Assembly BioSample Tissue,Assembly BioSample Models,is_human,human_subcategory,species
170235,GCA_000466885.2,Lactobacillus crispatus 2029 Genome sequencing,,,General Sample for Lactobacillus crispatus,,homo sapiens,,,,genital tract of a healthy woman,,,Generic,True,female reproductive tract,100122
170245,GCA_001311685.1,NBRP : Genome information of microbial organism related human and environment,,NBRP : Genome information of microbial organism related human and environment,MIGS Cultured Bacterial/Archaeal sample from Lactobacillus crispatus JCM 1185,,,,,,,,,MIGS.ba,True,unknown,100122
170231,GCA_014654865.1,Lactobacillus crispatus strain:BC5 Genome sequencing and assembly,,,Microbe sample from Lactobacillus crispatus,,homo sapiens,,,,vaginal sample,,,"Microbe, viral or environmental",True,female reproductive tract,100122
170087,GCA_900452495.1,NCTC_3000,,,NCTC13721,,human (woman),,,,vagina,,,Generic,True,female reproductive tract,100122
170267,GCF_000091765.1,Lactobacillus crispatus ST1 genome sequencing,,,BioSample entry for genome collection GCA_000091765,,,,,,,,,Generic,,,100122
170255,GCF_000160515.1,Reference genome for the Human Microbiome Project,,Lactobacillus crispatus JV-V01,MIGS Cultured Bacterial/Archaeal sample from Lactobacillus crispatus JV-V01,,homo sapiens,,,,missing,,,MIGS.ba,True,unknown,100122
170258,GCF_000161915.2,Reference sequence for Human Microbiome Project,,Lactobacillus crispatus MV-1A-US,MIGS Cultured Bacterial/Archaeal sample from Lactobacillus crispatus MV-1A-US,,homo sapiens,,,,missing,,,MIGS.ba,True,unknown,100122
170232,GCF_000162255.1,Reference genome for the Human Microbiome Project,,Lactobacillus crispatus 125-2-CHN,MIGS Cultured Bacterial/Archaeal sample from Lactobacillus crispatus 125-2-CHN,,homo sapiens,,,,missing,,,MIGS.ba,True,unknown,100122
170261,GCF_000162315.1,Reference genome for the Human Microbiome Project,,Lactobacillus crispatus MV-3A-US,MIGS Cultured Bacterial/Archaeal sample from Lactobacillus crispatus MV-3A-US,,homo sapiens,,,,missing,,,MIGS.ba,True,unknown,100122
170239,GCF_000165885.1,Reference strain for Human Microbiome Project,,Lactobacillus crispatus CTV-05,MIGS Cultured Bacterial/Archaeal sample from Lactobacillus crispatus CTV-05,,homo sapiens,,,,missing,,,MIGS.ba,True,unknown,100122
170264,GCF_000176975.2,Reference genome for Human Microbiome Project,,Lactobacillus crispatus SJ-3C-US,MIGS Cultured Bacterial/Archaeal sample from Lactobacillus crispatus SJ-3C-US,,homo sapiens,,,,missing,,,MIGS.ba,True,unknown,100122
170236,GCF_000177575.1,Reference Genome for Human Microbiome Project,,Lactobacillus crispatus 214-1,MIGS Cultured Bacterial/Archaeal sample from Lactobacillus crispatus 214-1,,homo sapiens,,,,missing,,,MIGS.ba,True,unknown,100122
170247,GCF_000301115.1,Reference genome for the Human Microbiome Project,,Lactobacillus crispatus FB049-03,MIGS Cultured Bacterial/Archaeal sample from Lactobacillus crispatus FB049-03,,homo sapiens,,,,,,,MIGS.ba,True,unknown,100122
170251,GCF_000301135.1,Reference genome for the Human Microbiome Project,,Lactobacillus crispatus FB077-07,MIGS Cultured Bacterial/Archaeal sample from Lactobacillus crispatus FB077-07,,homo sapiens,,,,,,,MIGS.ba,True,unknown,100122
170246,GCF_000497065.1,Lactobacillus crispatus EM-LC1 Genome sequencing and assembly,,,Sample from Lactobacillus crispatus EM-LC1,,homo sapiens,,,,fecal sample,,,Generic,True,gastrointestinal,100122
170242,GCF_001434005.1,Lactobacillus Multispecies,,,Generic sample from Lactobacillus crispatus,,,,,,eye,,,Generic,,,100122
170243,GCF_001434005.1,"The Lactobacillus genus, a use case for Bactopia.",,,Generic sample from Lactobacillus crispatus,,,,,,eye,,,Generic,,,100122
170089,GCF_001541385.1,Lactobacillus crispatus Genome sequencing and assembly,,,Lactobacillus crispatus - Lc-vmc3,,homo sapiens,,,,vaginal,,,"Microbe, viral or environmental",True,female reproductive tract,100122
170091,GCF_001541405.1,Lactobacillus crispatus Genome sequencing and assembly,,,Lactobacillus crispatus - Lc-vmc4,,homo sapiens,,,,vaginal,,,"Microbe, viral or environmental",True,female reproductive tract,100122
170093,GCF_001541505.1,Lactobacillus crispatus Genome sequencing and assembly,,,Lactobacillus crispatus - Lc-vmc6,,homo sapiens,,,,vaginal,,,"Microbe, viral or environmental",True,female reproductive tract,100122
170095,GCF_001541515.1,Lactobacillus crispatus Genome sequencing and assembly,,,Lactobacillus crispatus - Lc-vmc5,,homo sapiens,,,,vaginal,,,"Microbe, viral or environmental",True,female reproductive tract,100122
170097,GCF_001541535.1,Lactobacillus crispatus Genome sequencing and assembly,,,Lactobacillus crispatus - Lc-vmc7,,homo sapiens,,,,vaginal,,,"Microbe, viral or environmental",True,female reproductive tract,100122
170099,GCF_001541585.1,Lactobacillus crispatus Genome sequencing and assembly,,,Lactobacillus crispatus - Lc-vmc8,,homo sapiens,,,,vaginal,,,"Microbe, viral or environmental",True,female reproductive tract,100122
170101,GCF_001546015.1,Lactobacillus crispatus Genome sequencing and assembly,,,Lactobacillus crispatus - Lc-vmc1,,homo sapiens,,,,vaginal,,,"Microbe, viral or environmental",True,female reproductive tract,100122
170103,GCF_001546025.1,Lactobacillus crispatus Genome sequencing and assembly,,,Lactobacillus crispatus - Lc-vmc2,,homo sapiens,,,,vaginal,,,"Microbe, viral or environmental",True,female reproductive tract,100122
170105,GCF_001563615.1,HMP reference genome,,,Sample from Lactobacillus crispatus,,homo sapiens,,,,urine,,,Generic,True,urine,100122
170109,GCF_001567095.1,Lactobacillus crispatus  genome sequencing,,,Microbe sample from Lactobacillus crispatus,,Gallus gallus,,,,,,,"Microbe, viral or environmental",,,100122
170110,GCF_001700475.1,Female Urinary Microbiota Genome Sequencing,,,Lactobacillus crispatus C037,,homo sapiens,,,,urine,,,"Microbe, viral or environmental",True,urine,100122
170112,GCF_001704465.1,Lactobacillus crispatus strain:C25 Genome sequencing and assembly,,,Microbe sample from Lactobacillus crispatus,,Gallus gallus,,,,,,,"Microbe, viral or environmental",,,100122
170113,GCF_002088015.1,ATCC bacterial species genome sequencing and assembly,,,Lactobacillus crispatus ATCC 33820,,,,,,,,,MIGS.ba,,,100122
170114,GCF_002088015.1,"The Lactobacillus genus, a use case for Bactopia.",,,Lactobacillus crispatus ATCC 33820,,,,,,,,,MIGS.ba,,,100122
170115,GCF_002218565.1,Lactobacillus spp. from commercial turkeys Genome sequencing and assembly,,,Microbe sample from Lactobacillus crispatus,,Meleagris gallopavo,,,,ileum,,,"Microbe, viral or environmental",,,100122
170116,GCF_002218615.1,Lactobacillus spp. from commercial turkeys Genome sequencing and assembly,,,Microbe sample from Lactobacillus crispatus,,Meleagris gallopavo,,,,ileum,,,"Microbe, viral or environmental",,,100122
170117,GCF_002218645.1,Lactobacillus spp. from commercial turkeys Genome sequencing and assembly,,,Microbe sample from Lactobacillus crispatus,,Meleagris gallopavo,,,,ileum,,,"Microbe, viral or environmental",,,100122
170118,GCF_002218655.1,Lactobacillus spp. from commercial turkeys Genome sequencing and assembly,,,Microbe sample from Lactobacillus crispatus,,Meleagris gallopavo,,,,ileum,,,"Microbe, viral or environmental",,,100122
170119,GCF_002218685.1,Lactobacillus spp. from commercial turkeys Genome sequencing and assembly,,,Microbe sample from Lactobacillus crispatus,,Meleagris gallopavo,,,,ileum,,,"Microbe, viral or environmental",,,100122
170120,GCF_002218695.1,Lactobacillus spp. from commercial turkeys Genome sequencing and assembly,,,Microbe sample from Lactobacillus crispatus,,Meleagris gallopavo,,,,ileum,,,"Microbe, viral or environmental",,,100122
170121,GCF_002218735.1,Lactobacillus spp. from commercial turkeys Genome sequencing and assembly,,,Microbe sample from Lactobacillus crispatus,,Meleagris gallopavo,,,,ileum,,,"Microbe, viral or environmental",,,100122
170122,GCF_002218765.1,Lactobacillus spp. from commercial turkeys Genome sequencing and assembly,,,Microbe sample from Lactobacillus crispatus,,Meleagris gallopavo,,,,ileum,,,"Microbe, viral or environmental",,,100122
170123,GCF_002218775.1,Lactobacillus spp. from commercial turkeys Genome sequencing and assembly,,,Microbe sample from Lactobacillus crispatus,,Meleagris gallopavo,,,,ileum,,,"Microbe, viral or environmental",,,100122
170124,GCF_002218805.1,Lactobacillus spp. from commercial turkeys Genome sequencing and assembly,,,Microbe sample from Lactobacillus crispatus,,Meleagris gallopavo,,,,ileum,,,"Microbe, viral or environmental",,,100122
170125,GCF_002218815.1,Lactobacillus spp. from commercial turkeys Genome sequencing and assembly,,,Microbe sample from Lactobacillus crispatus,,Meleagris gallopavo,,,,ileum,,,"Microbe, viral or environmental",,,100122
170126,GCF_002218845.1,Lactobacillus spp. from commercial turkeys Genome sequencing and assembly,,,Microbe sample from Lactobacillus crispatus,,Meleagris gallopavo,,,,ileum,,,"Microbe, viral or environmental",,,100122
170127,GCF_002218855.1,Lactobacillus spp. from commercial turkeys Genome sequencing and assembly,,,Microbe sample from Lactobacillus crispatus,,Meleagris gallopavo,,,,ileum,,,"Microbe, viral or environmental",,,100122
170128,GCF_002218885.1,Lactobacillus spp. from commercial turkeys Genome sequencing and assembly,,,Microbe sample from Lactobacillus crispatus,,Meleagris gallopavo,,,,ileum,,,"Microbe, viral or environmental",,,100122
170129,GCF_002218895.1,Lactobacillus spp. from commercial turkeys Genome sequencing and assembly,,,Microbe sample from Lactobacillus crispatus,,Meleagris gallopavo,,,,ileum,,,"Microbe, viral or environmental",,,100122
170130,GCF_002218925.1,Lactobacillus spp. from commercial turkeys Genome sequencing and assembly,,,Microbe sample from Lactobacillus crispatus,,Meleagris gallopavo,,,,ileum,,,"Microbe, viral or environmental",,,100122
170131,GCF_002218945.1,Lactobacillus spp. from commercial turkeys Genome sequencing and assembly,,,Microbe sample from Lactobacillus crispatus,,Meleagris gallopavo,,,,ileum,,,"Microbe, viral or environmental",,,100122
170132,GCF_002218965.1,Lactobacillus spp. from commercial turkeys Genome sequencing and assembly,,,Microbe sample from Lactobacillus crispatus,,Meleagris gallopavo,,,,ileum,,,"Microbe, viral or environmental",,,100122
170133,GCF_002218975.1,Lactobacillus spp. from commercial turkeys Genome sequencing and assembly,,,Microbe sample from Lactobacillus crispatus,,Meleagris gallopavo,,,,ileum,,,"Microbe, viral or environmental",,,100122
170134,GCF_002219005.1,Lactobacillus spp. from commercial turkeys Genome sequencing and assembly,,,Microbe sample from Lactobacillus crispatus,,Meleagris gallopavo,,,,ileum,,,"Microbe, viral or environmental",,,100122
170135,GCF_002219015.1,Lactobacillus spp. from commercial turkeys Genome sequencing and assembly,,,Microbe sample from Lactobacillus crispatus,,Meleagris gallopavo,,,,ileum,,,"Microbe, viral or environmental",,,100122
170136,GCF_002219045.1,Lactobacillus spp. from commercial turkeys Genome sequencing and assembly,,,Microbe sample from Lactobacillus crispatus,,Meleagris gallopavo,,,,ileum,,,"Microbe, viral or environmental",,,100122
170137,GCF_002219055.1,Lactobacillus spp. from commercial turkeys Genome sequencing and assembly,,,Microbe sample from Lactobacillus crispatus,,Meleagris gallopavo,,,,ileum,,,"Microbe, viral or environmental",,,100122
170138,GCF_002219085.1,Lactobacillus spp. from commercial turkeys Genome sequencing and assembly,,,Microbe sample from Lactobacillus crispatus,,Meleagris gallopavo,,,,ileum,,,"Microbe, viral or environmental",,,100122
170411,GCF_002553775.1,Lactobacillaceae Genome sequencing and assembly,,,Microbe sample from Lactobacillus sp. UMNPBX16,,Meleagris gallopavo,,,,ileum,,,"Microbe, viral or environmental",,,100122
170410,GCF_002553785.1,Lactobacillaceae Genome sequencing and assembly,,,Microbe sample from Lactobacillus sp. UMNPBX15,,Meleagris gallopavo,,,,ileum,,,"Microbe, viral or environmental",,,100122
170408,GCF_002553895.1,Lactobacillaceae Genome sequencing and assembly,,,Microbe sample from Lactobacillus sp. UMNPBX11,,Meleagris gallopavo,,,,ileum,,,"Microbe, viral or environmental",,,100122
170409,GCF_002553955.1,Lactobacillaceae Genome sequencing and assembly,,,Microbe sample from Lactobacillus sp. UMNPBX12,,Meleagris gallopavo,,,,ileum,,,"Microbe, viral or environmental",,,100122
170412,GCF_002554015.1,Lactobacillaceae Genome sequencing and assembly,,,Microbe sample from Lactobacillus sp. UMNPBX8,,Meleagris gallopavo,,,,ileum,,,"Microbe, viral or environmental",,,100122
170407,GCF_002554085.1,Lactobacillaceae Genome sequencing and assembly,,,Microbe sample from Lactobacillus sp. UMNPBX1,,Meleagris gallopavo,,,,ileum,,,"Microbe, viral or environmental",,,100122
170139,GCF_002861765.1,Female Urinary Microbiota Genome Sequencing,,,MIGS Cultured Bacterial/Archaeal sample from Lactobacillus crispatus,,homo sapiens,,,,,,,"MIGS.ba,MIGS/MIMS/MIMARKS.human-associated",True,urine,100122
170141,GCF_002861775.1,Female Urinary Microbiota Genome Sequencing,,,MIGS Cultured Bacterial/Archaeal sample from Lactobacillus crispatus,,homo sapiens,,,,,,,"MIGS.ba,MIGS/MIMS/MIMARKS.human-associated",True,urine,100122
170143,GCF_002861805.1,Female Urinary Microbiota Genome Sequencing,,,MIGS Cultured Bacterial/Archaeal sample from Lactobacillus crispatus,,homo sapiens,,,,,,,"MIGS.ba,MIGS/MIMS/MIMARKS.human-associated",True,urine,100122
170145,GCF_002861815.1,Female Urinary Microbiota Genome Sequencing,,,MIGS Cultured Bacterial/Archaeal sample from Lactobacillus crispatus,,homo sapiens,,,,,,,"MIGS.ba,MIGS/MIMS/MIMARKS.human-associated",True,urine,100122
170147,GCF_002863245.1,Female Urinary Microbiota Genome Sequencing,,,MIGS Cultured Bacterial/Archaeal sample from Lactobacillus crispatus,,homo sapiens,,,,,,,"MIGS.ba,MIGS/MIMS/MIMARKS.human-associated",True,urine,100122
170149,GCF_002863485.1,Female Urinary Microbiota Genome Sequencing,,,MIGS Cultured Bacterial/Archaeal sample from Lactobacillus crispatus,,homo sapiens,,,,,,,"MIGS.ba,MIGS/MIMS/MIMARKS.human-associated",True,urine,100122
170151,GCF_002863505.1,Female Urinary Microbiota Genome Sequencing,,,MIGS Cultured Bacterial/Archaeal sample from Lactobacillus crispatus,,homo sapiens,,,,,,,"MIGS.ba,MIGS/MIMS/MIMARKS.human-associated",True,urine,100122
170153,GCF_003795065.1,Lactobacillus crispatus strain:CO3MRSI1 Genome sequencing,,,MIGS Cultured Bacterial/Archaeal sample from Lactobacillus crispatus,,homo sapiens,,,,mid-vagina,,,"MIGS.ba,MIGS/MIMS/MIMARKS.human-vaginal",True,female reproductive tract,100122
170154,GCF_003971565.1,Lactobacillus crispatus AB70 Genome sequencing and assembly,,,Microbe sample from Lactobacillus crispatus,,homo sapiens,,,,korean vaginal fluid,,,"Microbe, viral or environmental",True,female reproductive tract,100122
170155,GCF_004103355.1,Lactobacillus crispatus strain:L49 Genome sequencing and assembly,,,Microbe sample from Lactobacillus crispatus,,homo sapiens,,,,vaginal tract,,,"Microbe, viral or environmental",True,female reproductive tract,100122
170156,GCF_004334905.1,Lactobacillus crispatus strain:CG-12 Genome sequencing and assembly,,,Microbe sample from Lactobacillus crispatus,,chicken,,,,feces,,,"Microbe, viral or environmental",,,100122
170157,GCF_004361075.1,Lactobacillus crispatus Genome sequencing and assembly,,,MIGS Cultured Bacterial/Archaeal sample from Lactobacillus crispatus,,homo sapiens,,,,,,,"MIGS.ba,MIGS/MIMS/MIMARKS.human-vaginal",True,female reproductive tract,100122
170158,GCF_004361095.1,Lactobacillus crispatus Genome sequencing and assembly,,,MIGS Cultured Bacterial/Archaeal sample from Lactobacillus crispatus,,homo sapiens,,,,,,,"MIGS.ba,MIGS/MIMS/MIMARKS.human-vaginal",True,female reproductive tract,100122
170159,GCF_004361115.1,Lactobacillus crispatus Genome sequencing and assembly,,,MIGS Cultured Bacterial/Archaeal sample from Lactobacillus crispatus,,homo sapiens,,,,,,,"MIGS.ba,MIGS/MIMS/MIMARKS.human-vaginal",True,female reproductive tract,100122
170160,GCF_004361125.1,Lactobacillus crispatus Genome sequencing and assembly,,,MIGS Cultured Bacterial/Archaeal sample from Lactobacillus crispatus,,homo sapiens,,,,,,,"MIGS.ba,MIGS/MIMS/MIMARKS.human-vaginal",True,female reproductive tract,100122
170161,GCF_004361175.1,Lactobacillus crispatus Genome sequencing and assembly,,,MIGS Cultured Bacterial/Archaeal sample from Lactobacillus crispatus,,homo sapiens,,,,,,,"MIGS.ba,MIGS/MIMS/MIMARKS.human-vaginal",True,female reproductive tract,100122
170162,GCF_004361185.1,Lactobacillus crispatus Genome sequencing and assembly,,,MIGS Cultured Bacterial/Archaeal sample from Lactobacillus crispatus,,homo sapiens,,,,,,,"MIGS.ba,MIGS/MIMS/MIMARKS.human-vaginal",True,female reproductive tract,100122
170163,GCF_004361195.1,Lactobacillus crispatus Genome sequencing and assembly,,,MIGS Cultured Bacterial/Archaeal sample from Lactobacillus crispatus,,homo sapiens,,,,,,,"MIGS.ba,MIGS/MIMS/MIMARKS.human-vaginal",True,female reproductive tract,100122
170164,GCF_004361205.1,Lactobacillus crispatus Genome sequencing and assembly,,,MIGS Cultured Bacterial/Archaeal sample from Lactobacillus crispatus,,homo sapiens,,,,,,,"MIGS.ba,MIGS/MIMS/MIMARKS.human-vaginal",True,female reproductive tract,100122
170165,GCF_004361215.1,Lactobacillus crispatus Genome sequencing and assembly,,,MIGS Cultured Bacterial/Archaeal sample from Lactobacillus crispatus,,homo sapiens,,,,,,,"MIGS.ba,MIGS/MIMS/MIMARKS.human-vaginal",True,female reproductive tract,100122
170166,GCF_004361245.1,Lactobacillus crispatus Genome sequencing and assembly,,,MIGS Cultured Bacterial/Archaeal sample from Lactobacillus crispatus,,homo sapiens,,,,,,,"MIGS.ba,MIGS/MIMS/MIMARKS.human-vaginal",True,female reproductive tract,100122
170167,GCF_004361265.1,Lactobacillus crispatus Genome sequencing and assembly,,,MIGS Cultured Bacterial/Archaeal sample from Lactobacillus crispatus,,homo sapiens,,,,,,,"MIGS.ba,MIGS/MIMS/MIMARKS.human-vaginal",True,female reproductive tract,100122
170168,GCF_004361295.1,Lactobacillus crispatus Genome sequencing and assembly,,,MIGS Cultured Bacterial/Archaeal sample from Lactobacillus crispatus,,homo sapiens,,,,,,,"MIGS.ba,MIGS/MIMS/MIMARKS.human-vaginal",True,female reproductive tract,100122
170169,GCF_004361315.1,Lactobacillus crispatus Genome sequencing and assembly,,,MIGS Cultured Bacterial/Archaeal sample from Lactobacillus crispatus,,homo sapiens,,,,,,,"MIGS.ba,MIGS/MIMS/MIMARKS.human-vaginal",True,female reproductive tract,100122
170170,GCF_004361345.1,Lactobacillus crispatus Genome sequencing and assembly,,,MIGS Cultured Bacterial/Archaeal sample from Lactobacillus crispatus,,homo sapiens,,,,,,,"MIGS.ba,MIGS/MIMS/MIMARKS.human-vaginal",True,female reproductive tract,100122
170171,GCF_004361355.1,Lactobacillus crispatus Genome sequencing and assembly,,,MIGS Cultured Bacterial/Archaeal sample from Lactobacillus crispatus,,homo sapiens,,,,,,,"MIGS.ba,MIGS/MIMS/MIMARKS.human-vaginal",True,female reproductive tract,100122
170172,GCF_004361375.1,Lactobacillus crispatus Genome sequencing and assembly,,,Lactobacillus crispatus str. RL02 Clinical isolate from vaginal microflora,,homo sapiens,,,,,,,"MIGS.ba,MIGS/MIMS/MIMARKS.human-vaginal",True,female reproductive tract,100122
170173,GCF_004361385.1,Lactobacillus crispatus Genome sequencing and assembly,,,Lactobacillus crispatus str. RL03 Clinical isolate from vaginal microflora,,homo sapiens,,,,,,,"MIGS.ba,MIGS/MIMS/MIMARKS.human-vaginal",True,female reproductive tract,100122
170174,GCF_004361395.1,Lactobacillus crispatus Genome sequencing and assembly,,,MIGS Cultured Bacterial/Archaeal sample from Lactobacillus crispatus,,homo sapiens,,,,,,,"MIGS.ba,MIGS/MIMS/MIMARKS.human-vaginal",True,female reproductive tract,100122
170175,GCF_004361445.1,Lactobacillus crispatus Genome sequencing and assembly,,,MIGS Cultured Bacterial/Archaeal sample from Lactobacillus crispatus,,homo sapiens,,,,,,,"MIGS.ba,MIGS/MIMS/MIMARKS.human-vaginal",True,female reproductive tract,100122
170176,GCF_004361455.1,Lactobacillus crispatus Genome sequencing and assembly,,,MIGS Cultured Bacterial/Archaeal sample from Lactobacillus crispatus,,homo sapiens,,,,,,,"MIGS.ba,MIGS/MIMS/MIMARKS.human-vaginal",True,female reproductive tract,100122
170177,GCF_004361465.1,Lactobacillus crispatus Genome sequencing and assembly,,,MIGS Cultured Bacterial/Archaeal sample from Lactobacillus crispatus,,homo sapiens,,,,,,,"MIGS.ba,MIGS/MIMS/MIMARKS.human-vaginal",True,female reproductive tract,100122
170178,GCF_004361475.1,Lactobacillus crispatus Genome sequencing and assembly,,,MIGS Cultured Bacterial/Archaeal sample from Lactobacillus crispatus,,homo sapiens,,,,,,,"MIGS.ba,MIGS/MIMS/MIMARKS.human-vaginal",True,female reproductive tract,100122
170179,GCF_004361515.1,Lactobacillus crispatus Genome sequencing and assembly,,,MIGS Cultured Bacterial/Archaeal sample from Lactobacillus crispatus,,homo sapiens,,,,,,,"MIGS.ba,MIGS/MIMS/MIMARKS.human-vaginal",True,female reproductive tract,100122
170180,GCF_004361545.1,Lactobacillus crispatus Genome sequencing and assembly,,,MIGS Cultured Bacterial/Archaeal sample from Lactobacillus crispatus,,homo sapiens,,,,,,,"MIGS.ba,MIGS/MIMS/MIMARKS.human-vaginal",True,female reproductive tract,100122
170181,GCF_004361555.1,Lactobacillus crispatus Genome sequencing and assembly,,,MIGS Cultured Bacterial/Archaeal sample from Lactobacillus crispatus,,homo sapiens,,,,,,,"MIGS.ba,MIGS/MIMS/MIMARKS.human-vaginal",True,female reproductive tract,100122
170182,GCF_004361565.1,Lactobacillus crispatus Genome sequencing and assembly,,,MIGS Cultured Bacterial/Archaeal sample from Lactobacillus crispatus,,homo sapiens,,,,,,,"MIGS.ba,MIGS/MIMS/MIMARKS.human-vaginal",True,female reproductive tract,100122
170183,GCF_004361575.1,Lactobacillus crispatus Genome sequencing and assembly,,,MIGS Cultured Bacterial/Archaeal sample from Lactobacillus crispatus,,homo sapiens,,,,,,,"MIGS.ba,MIGS/MIMS/MIMARKS.human-vaginal",True,female reproductive tract,100122
170184,GCF_004361635.1,Lactobacillus crispatus Genome sequencing and assembly,,,MIGS Cultured Bacterial/Archaeal sample from Lactobacillus crispatus,,homo sapiens,,,,,,,"MIGS.ba,MIGS/MIMS/MIMARKS.human-vaginal",True,female reproductive tract,100122
170185,GCF_004681235.1,Lactobacillus crispatus strain:V4 Genome sequencing and assembly,,,Microbe sample from Lactobacillus crispatus,,homo sapiens,,,,vaginal swab,,,"Microbe, viral or environmental",True,female reproductive tract,100122
170186,GCF_007713895.1,Lactobacillus crispatus NCK1350,,,Microbe sample from Lactobacillus crispatus,,homo sapiens,,,,endoscopy,,,"Microbe, viral or environmental",True,unknown,100122
170187,GCF_008079315.1,Lactobacillus crispatus strain:CIP 104459 Genome sequencing and assembly,,,Microbe sample from Lactobacillus crispatus,,homo sapiens,,,,vaginal swab,,,"Microbe, viral or environmental",True,female reproductive tract,100122
170189,GCF_008694205.1,Lactobacillus crispatus NCK strains,,,Microbe sample from Lactobacillus crispatus,,chicken,,,,gut (caecum),,,"Microbe, viral or environmental",,,100122
170190,GCF_008694205.1,"The Lactobacillus genus, a use case for Bactopia.",,,Microbe sample from Lactobacillus crispatus,,chicken,,,,gut (caecum),,,"Microbe, viral or environmental",,,100122
170191,GCF_008694745.1,Lactobacillus crispatus NCK strains,,,Microbe sample from Lactobacillus crispatus,,homo sapiens,,,,,,,"Microbe, viral or environmental",True,unknown,100122
170193,GCF_008694755.1,Lactobacillus crispatus NCK strains,,,Microbe sample from Lactobacillus crispatus,,homo sapiens,,,,eye,,,"Microbe, viral or environmental",True,other,100122
170195,GCF_008694765.1,Lactobacillus crispatus NCK strains,,,Microbe sample from Lactobacillus crispatus,,chicken,,,,gut (caecum),,,"Microbe, viral or environmental",,,100122
170196,GCF_008694765.1,"The Lactobacillus genus, a use case for Bactopia.",,,Microbe sample from Lactobacillus crispatus,,chicken,,,,gut (caecum),,,"Microbe, viral or environmental",,,100122
170197,GCF_008694775.1,Lactobacillus crispatus NCK strains,,,Microbe sample from Lactobacillus crispatus,,turkey,,,,feces,,,"Microbe, viral or environmental",,,100122
170198,GCF_008694775.1,"The Lactobacillus genus, a use case for Bactopia.",,,Microbe sample from Lactobacillus crispatus,,turkey,,,,feces,,,"Microbe, viral or environmental",,,100122
170199,GCF_008694785.1,Lactobacillus crispatus NCK strains,,,Microbe sample from Lactobacillus crispatus,,chicken,,,,gut (GI tract),,,"Microbe, viral or environmental",,,100122
170200,GCF_008694785.1,"The Lactobacillus genus, a use case for Bactopia.",,,Microbe sample from Lactobacillus crispatus,,chicken,,,,gut (GI tract),,,"Microbe, viral or environmental",,,100122
170201,GCF_008694845.1,Lactobacillus crispatus NCK strains,,,Microbe sample from Lactobacillus crispatus,,chicken,,,,gut (caecum),,,"Microbe, viral or environmental",,,100122
170202,GCF_008694845.1,"The Lactobacillus genus, a use case for Bactopia.",,,Microbe sample from Lactobacillus crispatus,,chicken,,,,gut (caecum),,,"Microbe, viral or environmental",,,100122
170203,GCF_008694865.1,Lactobacillus crispatus NCK strains,,,Microbe sample from Lactobacillus crispatus,,chicken,,,,gut (caecum),,,"Microbe, viral or environmental",,,100122
170204,GCF_008694865.1,"The Lactobacillus genus, a use case for Bactopia.",,,Microbe sample from Lactobacillus crispatus,,chicken,,,,gut (caecum),,,"Microbe, viral or environmental",,,100122
170205,GCF_008694875.1,Lactobacillus crispatus NCK strains,,,Microbe sample from Lactobacillus crispatus,,chicken,,,,gut (caecum),,,"Microbe, viral or environmental",,,100122
170206,GCF_008694875.1,"The Lactobacillus genus, a use case for Bactopia.",,,Microbe sample from Lactobacillus crispatus,,chicken,,,,gut (caecum),,,"Microbe, viral or environmental",,,100122
170207,GCF_008694885.1,Lactobacillus crispatus NCK strains,,,Microbe sample from Lactobacillus crispatus,,chicken,,,,gut (caecum),,,"Microbe, viral or environmental",,,100122
170208,GCF_008694885.1,"The Lactobacillus genus, a use case for Bactopia.",,,Microbe sample from Lactobacillus crispatus,,chicken,,,,gut (caecum),,,"Microbe, viral or environmental",,,100122
170209,GCF_008694925.1,Lactobacillus crispatus NCK strains,,,Microbe sample from Lactobacillus crispatus,,chicken,,,,gut (caecum),,,"Microbe, viral or environmental",,,100122
170210,GCF_008694925.1,"The Lactobacillus genus, a use case for Bactopia.",,,Microbe sample from Lactobacillus crispatus,,chicken,,,,gut (caecum),,,"Microbe, viral or environmental",,,100122
170211,GCF_008694935.1,Lactobacillus crispatus NCK strains,,,Microbe sample from Lactobacillus crispatus,,chicken,,,,gut (crop),,,"Microbe, viral or environmental",,,100122
170212,GCF_008694935.1,"The Lactobacillus genus, a use case for Bactopia.",,,Microbe sample from Lactobacillus crispatus,,chicken,,,,gut (crop),,,"Microbe, viral or environmental",,,100122
170213,GCF_008694975.1,Lactobacillus crispatus NCK strains,,,Microbe sample from Lactobacillus crispatus,,chicken,,,,gut (lower GI),,,"Microbe, viral or environmental",,,100122
170214,GCF_008694975.1,"The Lactobacillus genus, a use case for Bactopia.",,,Microbe sample from Lactobacillus crispatus,,chicken,,,,gut (lower GI),,,"Microbe, viral or environmental",,,100122
170215,GCF_008694985.1,Lactobacillus crispatus NCK strains,,,Microbe sample from Lactobacillus crispatus,,homo sapiens,,,,,,,"Microbe, viral or environmental",True,unknown,100122
170217,GCF_008868575.1,Genome sequencing and assembly of bacteria isolated from different environments,,,Microbe sample from Lactobacillus crispatus,,homo sapiens,,,,vagina,,,"Microbe, viral or environmental",True,female reproductive tract,100122
170218,GCF_009730275.1,FDA-ARGOS is a database with public quality-controlled reference genomes for diagnostic use and regulatory science,,,Pathogen: clinical or host-associated sample from Lactobacillus crispatus,,homo sapiens,,,Unknown,mid-vaginal wall,,,Pathogen.cl,True,female reproductive tract,100122
170088,GCF_009769205.1,Lactobacillus crispatus strain:DC21.1 | isolate:DC21.1 Genome sequencing,,,Microbe sample from Lactobacillus crispatus,,Gallus gallus,,,,,,,"Microbe, viral or environmental",,,100122
170220,GCF_009857225.1,Lactobacillus crispatus strain:Indica1 Genome sequencing and assembly,,,Microbe sample from Lactobacillus crispatus,,homo sapiens,,,,,,,"Microbe, viral or environmental",True,unknown,100122
170221,GCF_009857395.1,Lactobacillus crispatus strain:Indica2 Genome sequencing and assembly,,,Microbe sample from Lactobacillus crispatus,,homo sapiens,,,,,,,"Microbe, viral or environmental",True,unknown,100122
170222,GCF_009933525.1,Lactic acid bacteria isolates from chicken cecal samples,,,Microbe sample from Lactobacillus crispatus,,Gallus gallus,,,,missing,,,"Microbe, viral or environmental",,,100122
170223,GCF_011029265.1,Vaginal Lactic Acid Bacteria Genome sequencing and assembly,,,Microbe sample from Lactobacillus crispatus,,homo sapiens,,,,vagina,,,"Microbe, viral or environmental",True,female reproductive tract,100122
170224,GCF_012030075.1,Female Urinary Microbiota Genome Sequencing,,,MIGS Cultured Bacterial/Archaeal sample from Lactobacillus crispatus,,homo sapiens,,,,,,,"MIGS.ba,MIGS/MIMS/MIMARKS.human-associated",True,urine,100122
170226,GCF_012843585.1,Pig intestinal bacterial collection (PIBAC),,,MIGS Cultured Bacterial/Archaeal sample from Lactobacillus crispatus,,Sus scrofa domesticus,,,,feces,,,"MIGS.ba,MIGS/MIMS/MIMARKS.host-associated",,,100122
170227,GCF_013456995.1,Lactobacillus crispatus B4 Genome sequencing and assembly,,,Lactobacillus crispatus B4 whole-genome sequencing,,homo sapiens,,,,gut,,,"Microbe, viral or environmental",True,gastrointestinal,100122
170228,GCF_013487905.1,Lactic acid bacteria isolates from horse fecal samples,,,Microbe sample from Lactobacillus crispatus,,Equus caballus,,,,NCSU Equine Educational Unit,,,"Microbe, viral or environmental",,,100122
170229,GCF_013778545.1,Lactobacillus crispatus strain:DSM 29598 Genome sequencing and assembly,,,Microbe sample from Lactobacillus crispatus,,,,,,rye sourdough,,,"Microbe, viral or environmental",,,100122
170230,GCF_902386155.1,A unified sequence catalogue of the human gut microbiome,,Human gut genomes,Human gut genome,,,,,,human gut,,,Generic,True,gastrointestinal,100122
187324,GCF_000159155.2,Reference genome for the Human Microbiome Project,,"Gardnerella vaginalis 317, ATCC 14019",MIGS Cultured Bacterial/Archaeal sample from Gardnerella vaginalis ATCC 14019,,homo sapiens,,,,,,,MIGS.ba,True,unknown,100323
187317,GCF_000165635.1,Gardnerella vaginalis 41V genome sequencing,,,Sample from Gardnerella vaginalis 41V,,,,,,,,,Generic,,,100323
187321,GCF_000178355.1,Gardnerella vaginalis ATCC 14018 genome sequencing,,,Sample from Gardnerella vaginalis ATCC 14018 = JCM 11026,,,,,,,,,Generic,,,100323
187327,GCF_000213955.1,Reference genome for Human Microbiome Project,,Gardnerella vaginalis HMP9231,MIGS Cultured Bacterial/Archaeal sample from Gardnerella vaginalis HMP9231,,homo sapiens,,,,,,,MIGS.ba,True,unknown,100323
187314,GCF_000214315.1,Reference genome for Human Microbiome Project,,Gardnerella vaginalis 315-A,MIGS Cultured Bacterial/Archaeal sample from Gardnerella vaginalis 315-A,,homo sapiens,,,,,,,MIGS.ba,True,unknown,100323
187313,GCF_000263435.1,Gardnerella vaginalis 284V genome sequencing,,,Generic sample from Gardnerella vaginalis 284V,,,,,,,,,Generic,,,100323
187318,GCF_000263475.1,Gardnerella vaginalis 55152 genome sequencing,,,Generic sample from Gardnerella vaginalis 55152,,,,,,,,,Generic,,,100323
187312,GCF_000263495.1,Gardnerella vaginalis 1400E genome sequencing,,,Generic sample from Gardnerella vaginalis 1400E,,,,,,,,,Generic,,,100323
187319,GCF_000263535.1,Gardnerella vaginalis 75712 genome sequencing,,,Generic sample from Gardnerella vaginalis 75712,,,,,,,,,Generic,,,100323
187311,GCF_000263555.1,Gardnerella vaginalis 0288E genome sequencing,,,Generic sample from Gardnerella vaginalis 0288E,,,,,,,,,Generic,,,100323
187339,GCF_000414525.1,Human Microbiome Project (HMP) Reference Genomes,,,Generic sample from Gardnerella vaginalis JCP8108,,homo sapiens,,,,vagina,,,Generic,True,female reproductive tract,100323
187336,GCF_000414645.1,Human Microbiome Project (HMP) Reference Genomes,,,Generic sample from Gardnerella vaginalis JCP7672,,homo sapiens,,,,vagina,,,Generic,True,female reproductive tract,100323
187333,GCF_000414685.1,Human Microbiome Project (HMP) Reference Genomes,,,Generic sample from Gardnerella vaginalis JCP7276,,homo sapiens,,,,vagina,,,Generic,True,female reproductive tract,100323
187330,GCF_000414705.1,Human Microbiome Project (HMP) Reference Genomes,,,Generic sample from Gardnerella vaginalis JCP7275,,homo sapiens,,,,vagina,,,Generic,True,female reproductive tract,100323
187320,GCF_001042655.1,Complete genome sequence of Gardnerella vaginalis,,,Generic sample from Gardnerella vaginalis ATCC 14018 = JCM 11026,,,,,,,,,Generic,,,100323
187261,GCF_001049785.1,Gardnerella vaginalis strain:3549624 Genome sequencing and assembly,,,Microbe sample from Gardnerella vaginalis,,homo sapiens,,,,discarded cervico-vaginal swab,,,"Microbe, viral or environmental",True,female reproductive tract,100323
187262,GCF_001278345.1,Gardnerella vaginalis strain:14019_MetR Genome sequencing and assembly,,,Microbe sample from Gardnerella vaginalis,,,,,,laboratory-derived,,,"Microbe, viral or environmental",,,100323
187263,GCF_001660735.1,Female Urinary Microbiota Genome Sequencing,,,Gardnerella vaginalis 23-12,,homo sapiens,,,,urine,,,"Microbe, viral or environmental",True,urine,100323
187265,GCF_001660755.1,Female Urinary Microbiota Genome Sequencing,,,Gardnerella vaginalis 18-4,,homo sapiens,,,,urine,,,"Microbe, viral or environmental",True,urine,100323
187267,GCF_001913835.1,Gardnerella vaginalis strain:ATCC 49145 Genome sequencing and assembly,,,Gardnerella vaginalis str. AmMS 117 (ATCC 49145) clinical or host-associated sample,,homo sapiens,,,Bacterial Vaginosis (BV),clinical,,,Pathogen.cl,True,unknown,100323
187268,GCF_002206225.1,FDA-ARGOS is a database with public quality-controlled reference genomes for diagnostic use and regulatory science,,,Pathogen: clinical or host-associated sample from Gardnerella vaginalis,,homo sapiens,,,Bacterial vaginosis,clinical isolate,,,Pathogen.cl,True,unknown,100323
187270,GCF_002861165.1,Female Urinary Microbiota Genome Sequencing,,,MIGS Cultured Bacterial/Archaeal sample from Gardnerella vaginalis,,homo sapiens,,,,,,,"MIGS.ba,MIGS/MIMS/MIMARKS.human-associated",True,urine,100323
187272,GCF_002861925.1,Female Urinary Microbiota Genome Sequencing,,,MIGS Cultured Bacterial/Archaeal sample from Gardnerella vaginalis,,homo sapiens,,,,,,,"MIGS.ba,MIGS/MIMS/MIMARKS.human-associated",True,urine,100323
187274,GCF_002861945.1,Female Urinary Microbiota Genome Sequencing,,,MIGS Cultured Bacterial/Archaeal sample from Gardnerella vaginalis,,homo sapiens,,,,,,,"MIGS.ba,MIGS/MIMS/MIMARKS.human-associated",True,urine,100323
187276,GCF_002861965.1,Female Urinary Microbiota Genome Sequencing,,,MIGS Cultured Bacterial/Archaeal sample from Gardnerella vaginalis,,homo sapiens,,,,,,,"MIGS.ba,MIGS/MIMS/MIMARKS.human-associated",True,urine,100323
187278,GCF_002861975.1,Female Urinary Microbiota Genome Sequencing,,,MIGS Cultured Bacterial/Archaeal sample from Gardnerella vaginalis,,homo sapiens,,,,,,,"MIGS.ba,MIGS/MIMS/MIMARKS.human-associated",True,urine,100323
187280,GCF_002862005.1,Female Urinary Microbiota Genome Sequencing,,,MIGS Cultured Bacterial/Archaeal sample from Gardnerella vaginalis,,homo sapiens,,,,,,,"MIGS.ba,MIGS/MIMS/MIMARKS.human-associated",True,urine,100323
187282,GCF_002862015.1,Female Urinary Microbiota Genome Sequencing,,,MIGS Cultured Bacterial/Archaeal sample from Gardnerella vaginalis,,homo sapiens,,,,,,,"MIGS.ba,MIGS/MIMS/MIMARKS.human-associated",True,urine,100323
187284,GCF_002862045.1,Female Urinary Microbiota Genome Sequencing,,,MIGS Cultured Bacterial/Archaeal sample from Gardnerella vaginalis,,homo sapiens,,,,,,,"MIGS.ba,MIGS/MIMS/MIMARKS.human-associated",True,urine,100323
187286,GCF_002884835.1,Female Urinary Microbiota Genome Sequencing,,,MIGS Cultured Bacterial/Archaeal sample from Gardnerella vaginalis,,homo sapiens,,,,catheter,,,"MIGS.ba,MIGS/MIMS/MIMARKS.host-associated",True,urine,100323
187288,GCF_002894105.1,Gardnerella vaginalis strain:DNF01149 Genome sequencing and assembly,,,Microbe sample from Gardnerella vaginalis,,homo sapiens,,,,vagina,,,"Microbe, viral or environmental",True,female reproductive tract,100323
187289,GCF_003034925.1,Gardnerella vaginalis strain:ATCC 49145 Genome sequencing and assembly,,,Pathogen: clinical or host-associated sample Gardnerella vaginalis,,,,,,,,,Pathogen.cl,,,100323
187290,GCF_003397605.1,Taxonomy of Gardnerella vaginalis,,,Pathogen: clinical or host-associated sample from Gardnerella vaginalis,,homo sapiens,,,commensal/bacterial vaginosis,vagina,,,Pathogen.cl,True,female reproductive tract,100323
187291,GCF_003397665.1,Taxonomy of Gardnerella vaginalis,,,Pathogen: clinical or host-associated sample from Gardnerella vaginalis,,homo sapiens,,,commensal/bacterial vaginosis,vagina,,,Pathogen.cl,True,female reproductive tract,100323
187322,GCF_003397685.1,Taxonomy of Gardnerella vaginalis,,,Pathogen: clinical or host-associated sample from Gardnerella vaginalis ATCC 14018 = JCM 11026,,homo sapiens,,,commensal/bacterial vaginosis,vagina,,,Pathogen.cl,True,female reproductive tract,100323
187292,GCF_003408745.1,Gardnerella vaginalis Genome sequencing and assembly,,,MIGS Cultured Bacterial/Archaeal sample from Gardnerella vaginalis,,homo sapiens,,,,,,,"MIGS.ba,MIGS/MIMS/MIMARKS.human-vaginal",True,female reproductive tract,100323
187293,GCF_003408785.1,Gardnerella vaginalis Genome sequencing and assembly,,,MIGS Cultured Bacterial/Archaeal sample from Gardnerella vaginalis,,homo sapiens,,,,,,,"MIGS.ba,MIGS/MIMS/MIMARKS.human-vaginal",True,female reproductive tract,100323
187294,GCF_003585655.1,isolates from the human vaginal microbiome: genome sequencing and assembly,,,Microbe sample from Gardnerella vaginalis,,homo sapiens,,,,vaginal microbiome,,,"Microbe, viral or environmental",True,female reproductive tract,100323
187295,GCF_003585755.1,isolates from the human vaginal microbiome: genome sequencing and assembly,,,Microbe sample from Gardnerella vaginalis,,homo sapiens,,,,vaginal microbiome,,,"Microbe, viral or environmental",True,female reproductive tract,100323
187296,GCF_003812765.1,FDA-ARGOS is a database with public quality-controlled reference genomes for diagnostic use and regulatory science,,,Pathogen: clinical or host-associated sample from Gardnerella vaginalis,,homo sapiens,,,Unknown,ucc isolate,,,Pathogen.cl,True,urine,100323
187323,GCF_004336685.1,Gardnerella vaginalis ATCC 14018 = JCM 11026 Genome sequencing and assembly,,,Pathogen: clinical or host-associated sample of Gardnerella vaginalis,,homo sapiens,,,Vaginosis,patient,,,Pathogen.cl,True,unknown,100323
187298,GCF_004336715.1,Gardnerella vaginalis strain:14018c Genome sequencing and assembly,,,Pathogen: clinical or host-associated sample Gardnerella vaginalis 14018c (derivative of 14018),,,,,,,,,Pathogen.cl,,,100323
187299,GCF_013315005.1,Female Urinary Microbiota Genome Sequencing,,,MIGS Cultured Bacterial/Archaeal sample from Gardnerella vaginalis,,homo sapiens,,,,urine,,,"MIGS.ba,MIGS/MIMS/MIMARKS.human-associated",True,urine,100323
187301,GCF_013315025.1,Female Urinary Microbiota Genome Sequencing,,,MIGS Cultured Bacterial/Archaeal sample from Gardnerella vaginalis,,homo sapiens,,,,urine,,,"MIGS.ba,MIGS/MIMS/MIMARKS.human-associated",True,urine,100323
187303,GCF_013315045.1,Female Urinary Microbiota Genome Sequencing,,,MIGS Cultured Bacterial/Archaeal sample from Gardnerella vaginalis,,homo sapiens,,,,urine,,,"MIGS.ba,MIGS/MIMS/MIMARKS.human-associated",True,urine,100323
187305,GCF_013315075.1,Female Urinary Microbiota Genome Sequencing,,,MIGS Cultured Bacterial/Archaeal sample from Gardnerella vaginalis,,homo sapiens,,,,urine,,,"MIGS.ba,MIGS/MIMS/MIMARKS.human-associated",True,urine,100323
187307,GCF_013315085.1,Female Urinary Microbiota Genome Sequencing,,,MIGS Cultured Bacterial/Archaeal sample from Gardnerella vaginalis,,homo sapiens,,,,urine,,,"MIGS.ba,MIGS/MIMS/MIMARKS.human-associated",True,urine,100323
187309,GCF_900105405.1,Gardnerella vaginalis DSM 4944,,,Gardnerella vaginalis DSM 4944,,,,,,,,,MIGS.ba,,,100323
187310,GCF_900637625.1,NCTC_3000,,,NCTC10287,,human (female),,,,vagina,,,Generic,True,female reproductive tract,100323
194411,GCA_007826985.1,Female Urinary Microbiota Genome Sequencing,,,MIGS Cultured Bacterial/Archaeal sample from Lactobacillus gasseri,,homo sapiens,,,,,,,"MIGS.ba,MIGS/MIMS/MIMARKS.human-associated",True,urine,100460
194413,GCA_014654855.1,Lactobacillus gasseri strain:BC12 Genome sequencing and assembly,,,Microbe sample from Lactobacillus gasseri,,homo sapiens,,,,vaginal sample,,,"Microbe, viral or environmental",True,female reproductive tract,100460
194421,GCF_000014425.1,Major homofermentative Lactobacillus in human intestinal tract,,,Sample from Lactobacillus gasseri ATCC 33323 = JCM 1131,,,,,,,,,Generic,True,unknown,100460
194431,GCF_000155935.2,Reference genome for the Human Microbiome Project,,Lactobacillus gasseri MV-22,MIGS Cultured Bacterial/Archaeal sample from Lactobacillus gasseri MV-22,,homo sapiens,,,,vaginal tract,,,MIGS.ba,True,female reproductive tract,100460
194415,GCF_000175055.1,Reference genome for the Human Microbiome Project,,Lactobacillus gasseri 202-4,MIGS Cultured Bacterial/Archaeal sample from Lactobacillus gasseri 202-4,,homo sapiens,,,,missing,,,MIGS.ba,True,unknown,100460
194434,GCF_000176995.2,Reference genome for Human Microbiome Project,,Lactobacillus gasseri SJ-9E-US,MIGS Cultured Bacterial/Archaeal sample from Lactobacillus gasseri SJ-9E-US,,homo sapiens,,,,missing,,,MIGS.ba,True,unknown,100460
194437,GCF_000177035.2,Reference genome for Human Microbiome Project,,Lactobacillus gasseri SV-16A-US,MIGS Cultured Bacterial/Archaeal sample from Lactobacillus gasseri SV-16A-US,,homo sapiens,,,,missing,,,MIGS.ba,True,unknown,100460
194418,GCF_000177415.1,Reference Genome for Human Microbiome Project,,Lactobacillus gasseri 224-1,MIGS Cultured Bacterial/Archaeal sample from Lactobacillus gasseri 224-1,,homo sapiens,,,,missing,,,MIGS.ba,True,unknown,100460
194429,GCF_000283135.1,Complete Genome sequence of Lactobacillus gasseri CECT5714 isolated from human milk,,,Sample from Lactobacillus gasseri CECT 5714,,,,,,human milk,,,Generic,True,other,100460
194414,GCF_000439915.1,Lactobacillus gasseri 2016 Genome sequencing,,,Sample from Lactobacillus gasseri 2016,,homo sapiens,,,,vaginal tract of a healthy female,,,Generic,True,female reproductive tract,100460
194424,GCF_000615125.1,NBRP : Genome information of microbial organism related human and environment,,,Whole genome analysis of Lactobacillus gasseri JCM 1131,,,,,,,,,Generic,True,unknown,100460
194375,GCF_001063045.1,Bacterial isolates from intensive care units,,,Pathogen: clinical or host-associated sample from Lactobacillus gasseri,,homo sapiens,,,missing,missing,,,Pathogen.cl,True,unknown,100460
194377,GCF_001063065.1,Bacterial isolates from intensive care units,,,Pathogen: clinical or host-associated sample from Lactobacillus gasseri,,homo sapiens,,,missing,missing,,,Pathogen.cl,True,unknown,100460
194379,GCF_001064985.1,Bacterial isolates from intensive care units,,,Pathogen: clinical or host-associated sample from Lactobacillus gasseri,,homo sapiens,,,missing,missing,,,Pathogen.cl,True,unknown,100460
194381,GCF_001066235.1,Bacterial isolates from intensive care units,,,Pathogen: clinical or host-associated sample from Lactobacillus gasseri,,homo sapiens,,,missing,missing,,,Pathogen.cl,True,unknown,100460
194383,GCF_001546525.1,HMP reference genome,,,Sample from Lactobacillus gasseri,,homo sapiens,,,,urine,,,Generic,True,urine,100460
194430,GCF_002287905.1,Lactobacillus gasseri DSM 14869 Genome sequencing,,,Sample from Lactobacillus gasseri DSM 14869,,,,,,,,,Generic,,,100460
194387,GCF_002863425.1,Female Urinary Microbiota Genome Sequencing,,,MIGS Cultured Bacterial/Archaeal sample from Lactobacillus gasseri,,homo sapiens,,,,,,,"MIGS.ba,MIGS/MIMS/MIMARKS.human-associated",True,urine,100460
194389,GCF_002863445.1,Female Urinary Microbiota Genome Sequencing,,,MIGS Cultured Bacterial/Archaeal sample from Lactobacillus gasseri,,homo sapiens,,,,,,,"MIGS.ba,MIGS/MIMS/MIMARKS.human-associated",True,urine,100460
194391,GCF_002940965.1,Female Urinary Microbiota Genome Sequencing,,,MIGS Cultured Bacterial/Archaeal sample from Lactobacillus gasseri,,homo sapiens,,,,catheter,,,"MIGS.ba,MIGS/MIMS/MIMARKS.human-associated",True,urine,100460
194393,GCF_003307315.1,Genome project of Lactobacillus paragasseri and related species,,Genome project of Lactobacillus gasseri strains,Lactobacillus gasseri JCM 1025,,not applicable,,,,,,,MIGS.ba.human-associated,True,unknown,100460
194395,GCF_003437055.1,Genome Sequencing and Assembly for Cultivated Species of the Human Gut Microbiota,,,Microbe sample from Lactobacillus gasseri,,homo sapiens,,,,feces,,,"Microbe, viral or environmental",True,gastrointestinal,100460
194396,GCF_005844525.1,Characterization of fecal IgA levels of several commensal Bacteroides ovatus strains,,,Microbe sample from Lactobacillus gasseri,,homo sapiens,,,,stool,,,"Microbe, viral or environmental",True,gastrointestinal,100460
194397,GCF_006981945.1,Lactobacillus gasseri strain:7171 Genome sequencing and assembly,,,Microbe sample from Lactobacillus gasseri,,,,,,missing,,,"Microbe, viral or environmental",,,100460
194398,GCF_007785965.1,Female Urinary Microbiota Genome Sequencing,,,MIGS Cultured Bacterial/Archaeal sample from Lactobacillus gasseri,,homo sapiens,,,,,,,"MIGS.ba,MIGS/MIMS/MIMARKS.human-associated",True,urine,100460
194400,GCF_007785975.1,Female Urinary Microbiota Genome Sequencing,,,MIGS Cultured Bacterial/Archaeal sample from Lactobacillus gasseri,,homo sapiens,,,,,,,"MIGS.ba,MIGS/MIMS/MIMARKS.human-associated",True,urine,100460
194402,GCF_007785995.1,Female Urinary Microbiota Genome Sequencing,,,MIGS Cultured Bacterial/Archaeal sample from Lactobacillus gasseri,,homo sapiens,,,,,,,"MIGS.ba,MIGS/MIMS/MIMARKS.human-associated",True,urine,100460
194404,GCF_007786065.1,Female Urinary Microbiota Genome Sequencing,,,MIGS Cultured Bacterial/Archaeal sample from Lactobacillus gasseri,,homo sapiens,,,,,,,"MIGS.ba,MIGS/MIMS/MIMARKS.human-associated",True,urine,100460
194406,GCF_007786195.1,Female Urinary Microbiota Genome Sequencing,,,MIGS Cultured Bacterial/Archaeal sample from Lactobacillus gasseri,,homo sapiens,,,,,,,"MIGS.ba,MIGS/MIMS/MIMARKS.human-associated",True,urine,100460
194425,GCF_008868295.1,Sequencing ESKAPE pathogens and Clostridium difficile under different scenarios,,,Pathogen: environmental/food/other sample from Lactobacillus gasseri ATCC 33323 = JCM 1131,,not applicable,,,not applicable,not applicable,,,Pathogen.env,,,100460
194426,GCF_008868295.1,Sequencing ESKAPE pathogens and Clostridium difficile under different scenarios,,,Pathogen: environmental/food/other sample from Lactobacillus gasseri ATCC 33323 = JCM 1131,,not applicable,,,not applicable,not applicable,,,Pathogen.env,,,100460
194427,GCF_008868295.1,"The Lactobacillus genus, a use case for Bactopia.",,,Pathogen: environmental/food/other sample from Lactobacillus gasseri ATCC 33323 = JCM 1131,,not applicable,,,not applicable,not applicable,,,Pathogen.env,,,100460
194428,GCF_008868295.1,"The Lactobacillus genus, a use case for Bactopia.",,,Pathogen: environmental/food/other sample from Lactobacillus gasseri ATCC 33323 = JCM 1131,,not applicable,,,not applicable,not applicable,,,Pathogen.env,,,100460
194408,GCF_008868535.1,Genome sequencing and assembly of bacteria isolated from different environments,,,Microbe sample from Lactobacillus gasseri,,homo sapiens,,,,feces,,,"Microbe, viral or environmental",True,gastrointestinal,100460
194409,GCF_900452355.1,NCTC_3000,,,NCTC13722,,homo sapiens,,,,not available: to be reported later,,,Generic,True,unknown,100460
194410,GCF_902399865.1,A unified sequence catalogue of the human gut microbiome,,Human gut genomes,Human gut genome,,,,,,human gut,,,Generic,True,gastrointestinal,100460
195607,GCF_000149065.1,Reference genome for Human Microbiome Project,,Lactobacillus iners LactinV 11V1-d,MIGS Cultured Bacterial/Archaeal sample from Lactobacillus iners LactinV 11V1-d,,homo sapiens,,,,missing,,,MIGS.ba,True,unknown,100505
195604,GCF_000149085.1,Reference genome for Human Microbiome Project,,Lactobacillus iners LactinV 09V1-c,MIGS Cultured Bacterial/Archaeal sample from Lactobacillus iners LactinV 09V1-c,,homo sapiens,,,,missing,,,MIGS.ba,True,unknown,100505
195601,GCF_000149105.1,Reference genome for Human Microbiome Project,,Lactobacillus iners LactinV 03V1-b,MIGS Cultured Bacterial/Archaeal sample from Lactobacillus iners LactinV 03V1-b,,homo sapiens,,,,missing,,,MIGS.ba,True,unknown,100505
195598,GCF_000149125.1,Reference genome for Human Microbiome Project,,Lactobacillus iners LactinV 01V1-a,MIGS Cultured Bacterial/Archaeal sample from Lactobacillus iners LactinV 01V1-a,,homo sapiens,,,,missing,,,MIGS.ba,True,unknown,100505
195625,GCF_000149145.1,Reference genome for Human Microbiome Project,,Lactobacillus iners SPIN 2503V10-D,MIGS Cultured Bacterial/Archaeal sample from Lactobacillus iners SPIN 2503V10-D,,homo sapiens,,,,missing,,,MIGS.ba,True,unknown,100505
195593,GCF_000160875.1,Reference genome for the Human Microbiome Project,,Lactobacillus iners DSM 13335,MIGS Cultured Bacterial/Archaeal sample from Lactobacillus iners DSM 13335,,homo sapiens,,,,missing,,,MIGS.ba,True,unknown,100505
195589,GCF_000177755.1,Lactobacillus iners AB-1 genome sequencing project,,,Sample from Lactobacillus iners AB-1,,,,,,,,,Generic,,,100505
195613,GCF_000179935.1,Reference genome for Human Microbiome Project,,Lactobacillus iners LEAF 2053A-b,MIGS Cultured Bacterial/Archaeal sample from Lactobacillus iners LEAF 2053A-b,,homo sapiens,,,,missing,,,MIGS.ba,True,unknown,100505
195610,GCF_000179955.1,Reference genome for Human Microbiome Project,,Lactobacillus iners LEAF 2052A-d,MIGS Cultured Bacterial/Archaeal sample from Lactobacillus iners LEAF 2052A-d,,homo sapiens,,,,missing,,,MIGS.ba,True,unknown,100505
195616,GCF_000179975.1,Reference genome for Human Microbiome Project,,Lactobacillus iners LEAF 2062A-h1,MIGS Cultured Bacterial/Archaeal sample from HMP164 Lactobacillus iners LEAF 2062A-h1,,homo sapiens,,,,missing,,,MIGS.ba,True,unknown,100505
195619,GCF_000179995.1,Reference genome for Human Microbiome Project,,Lactobacillus iners LEAF 3008A-a,MIGS Cultured Bacterial/Archaeal sample from Lactobacillus iners LEAF 3008A-a,,homo sapiens,,,,missing,,,MIGS.ba,True,unknown,100505
195590,GCF_000185405.1,Reference genome for the Human Microbiome Project,,Lactobacillus iners ATCC 55195,MIGS Cultured Bacterial/Archaeal sample from Lactobacillus iners ATCC 55195,,homo sapiens,,,,"urogenital tract, vaginal",,,MIGS.ba,True,female reproductive tract,100505
195628,GCF_000191685.1,Reference genome for Human Microbiome Project,,Lactobacillus iners UPII 143-D,MIGS Cultured Bacterial/Archaeal sample from Lactobacillus iners UPII 143-D,,homo sapiens,,,,,,,MIGS.ba,True,unknown,100505
195631,GCF_000191705.1,Reference genome for Human Microbiome Project,,Lactobacillus iners UPII 60-B,MIGS Cultured Bacterial/Archaeal sample from Lactobacillus iners UPII 60-B,,homo sapiens,,,,,,,MIGS.ba,True,unknown,100505
195622,GCF_000204435.1,Reference genome for Human Microbiome Project,,Lactobacillus iners SPIN 1401G,MIGS Cultured Bacterial/Archaeal sample from Lactobacillus iners SPIN 1401G,,homo sapiens,,,,,,,MIGS.ba,True,unknown,100505
195570,GCF_000227195.1,Reference Genome for Human Microbiome Project,,Lactobacillus sp. 7_1_47FAA,MIGS Cultured Bacterial/Archaeal sample from Lactobacillus iners,,homo sapiens,,,,missing,,,MIGS.ba,True,unknown,100505
195596,GCF_001435015.1,Lactobacillus Multispecies,,,Generic sample from Lactobacillus iners,,homo sapiens,,,,urine,,,Generic,True,urine,100505
195573,GCF_002871595.1,Female Urinary Microbiota Genome Sequencing,,,MIGS Cultured Bacterial/Archaeal sample from Lactobacillus iners,,homo sapiens,,,,catheter,,,"MIGS.ba,MIGS/MIMS/MIMARKS.host-associated",True,urine,100505
195575,GCF_002884695.1,Female Urinary Microbiota Genome Sequencing,,,MIGS Cultured Bacterial/Archaeal sample from Lactobacillus iners,,homo sapiens,,,,catheter,,,"MIGS.ba,MIGS/MIMS/MIMARKS.host-associated",True,urine,100505
195577,GCF_002884705.1,Female Urinary Microbiota Genome Sequencing,,,MIGS Cultured Bacterial/Archaeal sample from Lactobacillus iners,,homo sapiens,,,,catheter,,,"MIGS.ba,MIGS/MIMS/MIMARKS.host-associated",True,urine,100505
195579,GCF_002892385.1,Lactobacillus iners strain:KA00186 Genome sequencing and assembly,,,Microbe sample from Lactobacillus iners,,homo sapiens,,,,vagina,,,"Microbe, viral or environmental",True,female reproductive tract,100505
195580,GCF_009556455.1,Lactobacillus iners Genome sequencing and assembly,,,Microbe sample from Lactobacillus iners,,homo sapiens,,,,urine,,,"Microbe, viral or environmental",True,urine,100505
195581,GCF_009857205.1,Lactobacillus iners strain:Indica1 Genome sequencing and assembly,,,Microbe sample from Lactobacillus iners,,homo sapiens,,,,high vaginal swabs,,,"Microbe, viral or environmental",True,female reproductive tract,100505
195582,GCF_010748955.1,Lactobacillus iners strain:KY Genome sequencing and assembly,,,Lactobacillus iners KY from Vaginal flora of Korean Woman,,homo sapiens,,,,,,,"Microbe, viral or environmental",True,unknown,100505
195583,GCF_011058695.1,Lactobacillus iners genome sequencing,,,Microbe sample from Lactobacillus iners,,homo sapiens,,,,mid-vagina,,,"Microbe, viral or environmental",True,female reproductive tract,100505
195584,GCF_011058715.1,Lactobacillus iners genome sequencing,,,Microbe sample from Lactobacillus iners,,homo sapiens,,,,mid-vagina,,,"Microbe, viral or environmental",True,female reproductive tract,100505
195585,GCF_011058735.1,Lactobacillus iners genome sequencing,,,Microbe sample from Lactobacillus iners,,homo sapiens,,,,mid-vagina,,,"Microbe, viral or environmental",True,female reproductive tract,100505
195586,GCF_011058755.1,Lactobacillus iners genome sequencing,,,Microbe sample from Lactobacillus iners,,homo sapiens,,,,mid-vagina,,,"Microbe, viral or environmental",True,female reproductive tract,100505
195569,GCF_011058775.1,Lactobacillus iners genome sequencing,,,Microbe sample from Lactobacillus iners,,homo sapiens,,,,mid-vagina,,,"Microbe, viral or environmental",True,female reproductive tract,100505
195587,GCF_011058795.1,Lactobacillus iners genome sequencing,,,Microbe sample from Lactobacillus iners,,homo sapiens,,,,mid-vagina,,,"Microbe, viral or environmental",True,female reproductive tract,100505
195588,GCF_902374445.1,A unified sequence catalogue of the human gut microbiome,,Human gut genomes,Human gut genome,,,,,,human gut,,,Generic,True,gastrointestinal,100505
196683,GCF_000155915.2,reference genome for the Human Microbiome Project,,Lactobacillus jensenii 1153,MIGS Cultured Bacterial/Archaeal sample from Lactobacillus jensenii 1153,,homo sapiens,,,,missing,,,MIGS.ba,True,unknown,100515
196694,GCF_000162335.1,Reference genome for the Human Microbiome Project,,Lactobacillus jensenii SJ-7A-US,MIGS Cultured Bacterial/Archaeal sample from Lactobacillus jensenii SJ-7A-US,,homo sapiens,,,,missing,,,MIGS.ba,True,unknown,100515
196686,GCF_000175035.1,reference genome for the Human Microbiome Project,,Lactobacillus jensenii 269-3,MIGS Cultured Bacterial/Archaeal sample from Lactobacillus jensenii 269-3,,homo sapiens,,,,missing,,,MIGS.ba,True,unknown,100515
196693,GCF_000466805.1,Lactobacillus jensenii MD IIE-70(2) Genome sequencing and assembly,,,General Sample for Lactobacillus jensenii,,homo sapiens,,,,geniral tract of a healthy woman,,,Generic,True,female reproductive tract,100515
196691,GCF_001012665.1,Lactobacillus jensenii Genome sequencing and assembly,,,Generic sample from Lactobacillus jensenii,,,,,,,,,Generic,,,100515
196692,GCF_001012685.1,Lactobacillus jensenii Genome sequencing and assembly,,,Generic sample from Lactobacillus jensenii,,,,,,,,,Generic,,,100515
196689,GCF_001436455.1,Lactobacillus Multispecies,,,Generic sample from Lactobacillus jensenii,,homo sapiens,,,,vaginal discharge,,,Generic,True,female reproductive tract,100515
196643,GCF_001936235.1,Lactobacillus jensenii strain:SNUV360 Genome sequencing and assembly,,,Complete genome of Lactobacillus jensenii SNUV360,,homo sapiens,,,,vaginal environment,,,"Microbe, viral or environmental",True,female reproductive tract,100515
196644,GCF_002848045.1,Female Urinary Microbiota Genome Sequencing,,,MIGS Cultured Bacterial/Archaeal sample from Lactobacillus jensenii,,homo sapiens,,,,,,,"MIGS.ba,MIGS/MIMS/MIMARKS.human-associated",True,urine,100515
196646,GCF_002863405.1,Female Urinary Microbiota Genome Sequencing,,,MIGS Cultured Bacterial/Archaeal sample from Lactobacillus jensenii,,homo sapiens,,,,,,,"MIGS.ba,MIGS/MIMS/MIMARKS.human-associated",True,urine,100515
196648,GCF_007785825.1,Female Urinary Microbiota Genome Sequencing,,,MIGS Cultured Bacterial/Archaeal sample from Lactobacillus jensenii,,homo sapiens,,,,,,,"MIGS.ba,MIGS/MIMS/MIMARKS.human-associated",True,urine,100515
196650,GCF_007785915.1,Female Urinary Microbiota Genome Sequencing,,,MIGS Cultured Bacterial/Archaeal sample from Lactobacillus jensenii,,homo sapiens,,,,,,,"MIGS.ba,MIGS/MIMS/MIMARKS.human-associated",True,urine,100515
196652,GCF_007785935.1,Female Urinary Microbiota Genome Sequencing,,,MIGS Cultured Bacterial/Archaeal sample from Lactobacillus jensenii,,homo sapiens,,,,,,,"MIGS.ba,MIGS/MIMS/MIMARKS.human-associated",True,urine,100515
196654,GCF_007786035.1,Female Urinary Microbiota Genome Sequencing,,,MIGS Cultured Bacterial/Archaeal sample from Lactobacillus jensenii,,homo sapiens,,,,,,,"MIGS.ba,MIGS/MIMS/MIMARKS.human-associated",True,urine,100515
196656,GCF_007786085.1,Female Urinary Microbiota Genome Sequencing,,,MIGS Cultured Bacterial/Archaeal sample from Lactobacillus jensenii,,homo sapiens,,,,,,,"MIGS.ba,MIGS/MIMS/MIMARKS.human-associated",True,urine,100515
196658,GCF_007786135.1,Female Urinary Microbiota Genome Sequencing,,,MIGS Cultured Bacterial/Archaeal sample from Lactobacillus jensenii,,homo sapiens,,,,,,,"MIGS.ba,MIGS/MIMS/MIMARKS.human-associated",True,urine,100515
196660,GCF_007786145.1,Female Urinary Microbiota Genome Sequencing,,,MIGS Cultured Bacterial/Archaeal sample from Lactobacillus jensenii,,homo sapiens,,,,,,,"MIGS.ba,MIGS/MIMS/MIMARKS.human-associated",True,urine,100515
196662,GCF_007786155.1,Female Urinary Microbiota Genome Sequencing,,,MIGS Cultured Bacterial/Archaeal sample from Lactobacillus jensenii,,homo sapiens,,,,,,,"MIGS.ba,MIGS/MIMS/MIMARKS.human-associated",True,urine,100515
196664,GCF_008726325.1,Female Urinary Microbiota Genome Sequencing,,,MIGS Cultured Bacterial/Archaeal sample from Lactobacillus jensenii,,homo sapiens,,,,,,,"MIGS.ba,MIGS/MIMS/MIMARKS.human-associated",True,urine,100515
196666,GCF_008726555.1,Female Urinary Microbiota Genome Sequencing,,,MIGS Cultured Bacterial/Archaeal sample from Lactobacillus jensenii,,homo sapiens,,,,,,,"MIGS.ba,MIGS/MIMS/MIMARKS.human-associated",True,urine,100515
196668,GCF_008726585.1,Female Urinary Microbiota Genome Sequencing,,,MIGS Cultured Bacterial/Archaeal sample from Lactobacillus jensenii,,homo sapiens,,,,,,,"MIGS.ba,MIGS/MIMS/MIMARKS.human-associated",True,urine,100515
196670,GCF_008727025.1,Female Urinary Microbiota Genome Sequencing,,,MIGS Cultured Bacterial/Archaeal sample from Lactobacillus jensenii,,homo sapiens,,,,,,,"MIGS.ba,MIGS/MIMS/MIMARKS.human-associated",True,urine,100515
196672,GCF_008727085.1,Female Urinary Microbiota Genome Sequencing,,,MIGS Cultured Bacterial/Archaeal sample from Lactobacillus jensenii,,homo sapiens,,,,,,,"MIGS.ba,MIGS/MIMS/MIMARKS.human-associated",True,urine,100515
196674,GCF_011029225.1,Vaginal Lactic Acid Bacteria Genome sequencing and assembly,,,Microbe sample from Lactobacillus jensenii,,homo sapiens,,,,vagina,,,"Microbe, viral or environmental",True,female reproductive tract,100515
196675,GCF_011714625.1,Lactobacillus jensenii strain:M166 Genome sequencing and assembly,,,Microbe sample from Lactobacillus jensenii,,homo sapiens,,,,fetal intestine,,,"Microbe, viral or environmental",True,gastrointestinal,100515
196676,GCF_011714655.1,Lactobacillus jensenii strain:M167 Genome sequencing and assembly,,,Microbe sample from Lactobacillus jensenii,,homo sapiens,,,,fetal intestine,,,"Microbe, viral or environmental",True,gastrointestinal,100515
196677,GCF_012029675.1,Female Urinary Microbiota Genome Sequencing,,,MIGS Cultured Bacterial/Archaeal sample from Lactobacillus jensenii,,homo sapiens,,,,,,,"MIGS.ba,MIGS/MIMS/MIMARKS.human-associated",True,urine,100515
196679,GCF_012029775.1,Female Urinary Microbiota Genome Sequencing,,,MIGS Cultured Bacterial/Archaeal sample from Lactobacillus jensenii,,homo sapiens,,,,,,,"MIGS.ba,MIGS/MIMS/MIMARKS.human-associated",True,urine,100515
196681,GCF_012030285.1,Female Urinary Microbiota Genome Sequencing,,,MIGS Cultured Bacterial/Archaeal sample from Lactobacillus jensenii,,homo sapiens,,,,,,,"MIGS.ba,MIGS/MIMS/MIMARKS.human-associated",True,urine,100515
235406,GCF_000159235.2,Reference genome for the Human Microbiome Project,,Atopobium vaginae DSM 15829,MIGS Cultured Bacterial/Archaeal sample from Atopobium vaginae DSM 15829,,homo sapiens,,,,vagina,,,MIGS.ba,True,female reproductive tract,103895
235409,GCF_000178335.1,Atopobium vaginae DSM 15829 genome sequencing,,,Sample from Fannyhessea vaginae DSM 15829,,,,,,,,,Generic,,,103895
235401,GCF_001049775.1,Fannyhessea vaginae strain:44061 Genome sequencing and assembly,,,Microbe sample from Fannyhessea vaginae,,homo sapiens,,,,vaginal specimen,,,"Microbe, viral or environmental",True,female reproductive tract,103895
235402,GCF_001562845.1,HMP reference genome,,,Sample from Fannyhessea vaginae,,homo sapiens,,,,vagina,,,Generic,True,female reproductive tract,103895
235405,GCF_900445305.1,NCTC_3000,,,NCTC13935,,homo sapiens,,,,vagina,,,Generic,True,female reproductive tract,103895
